-- phpMyAdmin SQL Dump
-- version 5.1.1
-- https://www.phpmyadmin.net/
--
-- Host: 127.0.0.1
-- Generation Time: Nov 20, 2021 at 11:47 PM
-- Server version: 10.4.21-MariaDB
-- PHP Version: 7.4.24

SET SQL_MODE = "NO_AUTO_VALUE_ON_ZERO";
START TRANSACTION;
SET time_zone = "+00:00";


/*!40101 SET @OLD_CHARACTER_SET_CLIENT=@@CHARACTER_SET_CLIENT */;
/*!40101 SET @OLD_CHARACTER_SET_RESULTS=@@CHARACTER_SET_RESULTS */;
/*!40101 SET @OLD_COLLATION_CONNECTION=@@COLLATION_CONNECTION */;
/*!40101 SET NAMES utf8mb4 */;

--
-- Database: `world`
--

-- --------------------------------------------------------

--
-- Table structure for table `cities`
--

CREATE TABLE `cities` (
  `id` bigint(20) UNSIGNED NOT NULL,
  `state_id` bigint(20) UNSIGNED NOT NULL,
  `cityName` varchar(255) COLLATE utf8mb4_unicode_ci NOT NULL,
  `latitude` double NOT NULL,
  `longitude` double NOT NULL,
  `created_at` timestamp NULL DEFAULT NULL,
  `updated_at` timestamp NULL DEFAULT NULL
) ENGINE=InnoDB DEFAULT CHARSET=utf8mb4 COLLATE=utf8mb4_unicode_ci;

--
-- Dumping data for table `cities`
--

INSERT INTO `cities` (`id`, `state_id`, `cityName`, `latitude`, `longitude`, `created_at`, `updated_at`) VALUES
(3, 3, 'São Gonçalo', -22.8, -43.03, '2021-11-20 14:49:37', '2021-11-20 14:49:37'),
(4, 3, 'Rio De Janeiro', -22.9, -43.23, '2021-11-20 14:49:37', '2021-11-20 14:49:37'),
(5, 3, 'Niterói', -22.88, -43.09, '2021-11-20 14:49:37', '2021-11-20 14:49:37'),
(6, 3, 'Itaboraí', -22.75, -42.87, '2021-11-20 14:49:37', '2021-11-20 14:49:37'),
(7, 3, 'Petrópolis', -22.51, -43.18, '2021-11-20 14:49:37', '2021-11-20 14:49:37'),
(8, 3, 'Mesquita', -22.78, -43.43, '2021-11-20 14:49:37', '2021-11-20 14:49:37'),
(9, 3, 'Nilópolis', -22.81, -43.41, '2021-11-20 14:49:37', '2021-11-20 14:49:37'),
(10, 3, 'Resende', -22.47, -44.45, '2021-11-20 14:49:37', '2021-11-20 14:49:37'),
(11, 3, 'Nova Iguaçu', -22.76, -43.45, '2021-11-20 14:49:37', '2021-11-20 14:49:37'),
(12, 3, 'Itaguaí', -22.87, -43.78, '2021-11-20 14:49:37', '2021-11-20 14:49:37'),
(13, 3, 'Rio Das Ostras', -22.53, -41.95, '2021-11-20 14:49:37', '2021-11-20 14:49:37'),
(14, 3, 'Saquarema', -22.93, -42.5, '2021-11-20 14:49:37', '2021-11-20 14:49:37'),
(15, 3, 'São João De Meriti', -22.8, -43.36, '2021-11-20 14:49:37', '2021-11-20 14:49:37'),
(16, 3, 'Teresópolis', -22.43, -42.98, '2021-11-20 14:49:37', '2021-11-20 14:49:37'),
(17, 3, 'Duque De Caxias', -22.79, -43.31, '2021-11-20 14:49:37', '2021-11-20 14:49:37'),
(18, 3, 'Miguel Pereira', -22.45, -43.48, '2021-11-20 14:49:37', '2021-11-20 14:49:37'),
(19, 3, 'Paracambi', -22.61, -43.71, '2021-11-20 14:49:37', '2021-11-20 14:49:37'),
(20, 3, 'Araruama', -22.88, -42.33, '2021-11-20 14:49:37', '2021-11-20 14:49:37'),
(21, 3, 'Campos', -21.75, -41.3, '2021-11-20 14:49:37', '2021-11-20 14:49:37'),
(22, 3, 'Iguaba Grande', -22.83, -42.22, '2021-11-20 14:49:37', '2021-11-20 14:49:37'),
(23, 3, 'Nova Friburgo', -22.27, -42.53, '2021-11-20 14:49:37', '2021-11-20 14:49:37'),
(24, 3, 'Volta Redonda', -22.53, -44.12, '2021-11-20 14:49:37', '2021-11-20 14:49:37'),
(25, 3, 'Cordeiro', -22.03, -42.37, '2021-11-20 14:49:37', '2021-11-20 14:49:37'),
(26, 3, 'Casimiro De Abreu', -22.48, -42.2, '2021-11-20 14:49:37', '2021-11-20 14:49:37'),
(27, 3, 'Maricá', -22.92, -42.82, '2021-11-20 14:49:37', '2021-11-20 14:49:37'),
(28, 3, 'Meriti', -22.8, -43.36, '2021-11-20 14:49:37', '2021-11-20 14:49:37'),
(29, 3, 'Paraíba Do Sul', -22.16, -43.29, '2021-11-20 14:49:37', '2021-11-20 14:49:37'),
(30, 3, 'Angra Dos Reis', -23, -44.3, '2021-11-20 14:49:37', '2021-11-20 14:49:37'),
(31, 3, 'Barra Do Piraí', -22.47, -43.83, '2021-11-20 14:49:37', '2021-11-20 14:49:37'),
(32, 3, 'Rio Bonito', -22.72, -42.62, '2021-11-20 14:49:37', '2021-11-20 14:49:37'),
(33, 3, 'Cachoeiras De Macacu', -22.47, -42.65, '2021-11-20 14:49:37', '2021-11-20 14:49:37'),
(34, 3, 'Tanguá', -22.73, -42.72, '2021-11-20 14:49:37', '2021-11-20 14:49:37'),
(35, 3, 'Belford Roxo', -22.76, -43.4, '2021-11-20 14:49:37', '2021-11-20 14:49:37'),
(36, 3, 'Tijuca', -22.93, -43.23, '2021-11-20 14:49:37', '2021-11-20 14:49:37'),
(37, 3, 'Seropédica', -22.75, -43.72, '2021-11-20 14:49:37', '2021-11-20 14:49:37'),
(38, 3, 'Vassouras', -22.41, -43.66, '2021-11-20 14:49:37', '2021-11-20 14:49:37'),
(39, 3, 'São Pedro Da Aldeia', -22.85, -42.1, '2021-11-20 14:49:37', '2021-11-20 14:49:37'),
(40, 3, 'Cabo Frio', -22.88, -42.02, '2021-11-20 14:49:37', '2021-11-20 14:49:37'),
(41, 3, 'Mendes', -22.53, -43.72, '2021-11-20 14:49:37', '2021-11-20 14:49:37'),
(42, 3, 'Natividade', -21.05, -41.98, '2021-11-20 14:49:37', '2021-11-20 14:49:37'),
(43, 3, 'Macaé', -22.38, -41.78, '2021-11-20 14:49:37', '2021-11-20 14:49:37'),
(44, 3, 'Cachoeiro', -22.38, -42.1, '2021-11-20 14:49:37', '2021-11-20 14:49:37'),
(45, 3, 'Barra Mansa', -22.53, -44.18, '2021-11-20 14:49:37', '2021-11-20 14:49:37'),
(46, 3, 'Quissamã', -22.1, -41.47, '2021-11-20 14:49:37', '2021-11-20 14:49:37'),
(47, 3, 'Arraial Do Cabo', -22.97, -42.02, '2021-11-20 14:49:37', '2021-11-20 14:49:37'),
(48, 3, 'Itaocara', -21.68, -42.07, '2021-11-20 14:49:37', '2021-11-20 14:49:37'),
(49, 3, 'Quatis', -22.42, -44.27, '2021-11-20 14:49:37', '2021-11-20 14:49:37'),
(50, 3, 'Pôrto Real', -22.42, -44.33, '2021-11-20 14:49:37', '2021-11-20 14:49:37'),
(51, 3, 'Magé', -22.66, -43.02, '2021-11-20 14:49:37', '2021-11-20 14:49:37'),
(52, 3, 'Três Rios', -22.11, -43.21, '2021-11-20 14:49:37', '2021-11-20 14:49:37'),
(53, 3, 'Cambuci', -21.57, -41.92, '2021-11-20 14:49:37', '2021-11-20 14:49:37'),
(54, 3, 'Cariri', -22.85, -43.28, '2021-11-20 14:49:37', '2021-11-20 14:49:37'),
(55, 3, 'Queimados', -22.72, -43.56, '2021-11-20 14:49:37', '2021-11-20 14:49:37'),
(56, 3, 'Varre-sai', -20.93, -41.9, '2021-11-20 14:49:37', '2021-11-20 14:49:37'),
(57, 3, 'Santo Antônio De Pádua', -21.53, -42.18, '2021-11-20 14:49:37', '2021-11-20 14:49:37'),
(58, 3, 'Conceição De Macabu', -22.07, -41.87, '2021-11-20 14:49:37', '2021-11-20 14:49:37'),
(59, 3, 'Mangaratiba', -22.96, -44.04, '2021-11-20 14:49:37', '2021-11-20 14:49:37'),
(60, 3, 'Guapimirim', -22.53, -42.98, '2021-11-20 14:49:37', '2021-11-20 14:49:37'),
(61, 3, 'Japeri', -22.65, -43.66, '2021-11-20 14:49:37', '2021-11-20 14:49:37'),
(62, 3, 'Silva Jardim', -22.47, -42.3, '2021-11-20 14:49:37', '2021-11-20 14:49:37'),
(63, 3, 'Carmo', -21.93, -42.62, '2021-11-20 14:49:37', '2021-11-20 14:49:37'),
(64, 3, 'São Fidélis', -21.65, -41.73, '2021-11-20 14:49:37', '2021-11-20 14:49:37'),
(65, 3, 'Bom Jardim', -22.15, -42.42, '2021-11-20 14:49:37', '2021-11-20 14:49:37'),
(66, 3, 'São João Da Barra', -21.63, -41.05, '2021-11-20 14:49:37', '2021-11-20 14:49:37'),
(67, 3, 'Sete Ponte', -22.84, -43.08, '2021-11-20 14:49:37', '2021-11-20 14:49:37'),
(68, 3, 'Rio Claro', -22.72, -44.15, '2021-11-20 14:49:37', '2021-11-20 14:49:37'),
(69, 3, 'Valença', -22.24, -43.7, '2021-11-20 14:49:37', '2021-11-20 14:49:37'),
(70, 3, 'Iguaçu', -22.65, -43.42, '2021-11-20 14:49:37', '2021-11-20 14:49:37'),
(71, 3, 'Jardim Do Saco', -22.85, -43.3, '2021-11-20 14:49:37', '2021-11-20 14:49:37'),
(72, 3, 'Armação Dos Búzios', -22.75, -41.88, '2021-11-20 14:49:37', '2021-11-20 14:49:37'),
(73, 3, 'Córrego Da Luz', -22.43, -42.25, '2021-11-20 14:49:37', '2021-11-20 14:49:37'),
(74, 3, 'Itaquira', -22.15, -41.65, '2021-11-20 14:49:37', '2021-11-20 14:49:37'),
(75, 3, 'Tubiacanga', -22.79, -43.22, '2021-11-20 14:49:37', '2021-11-20 14:49:37'),
(76, 3, 'Duas Barras', -21.38, -41.65, '2021-11-20 14:49:37', '2021-11-20 14:49:37'),
(77, 3, 'Sumidouro', -22.05, -42.68, '2021-11-20 14:49:37', '2021-11-20 14:49:37'),
(78, 3, 'Norte', -20.97, -41.98, '2021-11-20 14:49:37', '2021-11-20 14:49:37'),
(79, 3, 'Italva', -21.42, -41.7, '2021-11-20 14:49:37', '2021-11-20 14:49:37'),
(80, 3, 'São Francisco', -22.12, -41.58, '2021-11-20 14:49:37', '2021-11-20 14:49:37'),
(81, 3, 'Parati', -23.22, -44.72, '2021-11-20 14:49:37', '2021-11-20 14:49:37'),
(82, 3, 'Vila Jacaré', -22.88, -43.5, '2021-11-20 14:49:37', '2021-11-20 14:49:37'),
(83, 3, 'Itatiaia', -22.5, -44.57, '2021-11-20 14:49:37', '2021-11-20 14:49:37'),
(84, 3, 'Aguas Lindas', -22.71, -43.72, '2021-11-20 14:49:37', '2021-11-20 14:49:37'),
(85, 3, 'Poco D\'anta', -22.58, -42.28, '2021-11-20 14:49:37', '2021-11-20 14:49:37'),
(86, 3, 'Gaviões', -22.57, -42.55, '2021-11-20 14:49:37', '2021-11-20 14:49:37'),
(87, 3, 'Jaconé', -22.92, -42.63, '2021-11-20 14:49:37', '2021-11-20 14:49:37'),
(88, 3, 'Barra Da Tijuca', -23.01, -43.34, '2021-11-20 14:49:37', '2021-11-20 14:49:37'),
(89, 3, 'Japuíba', -22.58, -42.7, '2021-11-20 14:49:37', '2021-11-20 14:49:37'),
(90, 3, 'Anchieta', -22.82, -43.4, '2021-11-20 14:49:37', '2021-11-20 14:49:37'),
(91, 3, 'Rio', -22.9, -43.23, '2021-11-20 14:49:37', '2021-11-20 14:49:37'),
(92, 3, 'Pavuna', -22.81, -43.36, '2021-11-20 14:49:37', '2021-11-20 14:49:37'),
(93, 3, 'Aperibé', -21.62, -42.1, '2021-11-20 14:49:37', '2021-11-20 14:49:37'),
(94, 3, 'Carapebus', -22.18, -41.67, '2021-11-20 14:49:37', '2021-11-20 14:49:37'),
(95, 3, 'Piabetá', -22.61, -43.17, '2021-11-20 14:49:37', '2021-11-20 14:49:37'),
(96, 3, 'Búzios', -22.75, -41.88, '2021-11-20 14:49:37', '2021-11-20 14:49:37'),
(97, 3, 'Morro Redondo', -22.33, -41.92, '2021-11-20 14:49:37', '2021-11-20 14:49:37'),
(98, 3, 'Bom Jesus Do Itabapoana', -21.13, -41.68, '2021-11-20 14:49:37', '2021-11-20 14:49:37'),
(99, 3, 'Paraty', -23.22, -44.72, '2021-11-20 14:49:37', '2021-11-20 14:49:37'),
(100, 3, 'Austin', -22.72, -43.53, '2021-11-20 14:49:37', '2021-11-20 14:49:37'),
(101, 3, 'Pinheiral', -22.52, -43.98, '2021-11-20 14:49:37', '2021-11-20 14:49:37'),
(102, 3, 'Alcântara', -22.82, -43.04, '2021-11-20 14:49:37', '2021-11-20 14:49:37'),
(103, 3, 'Campos Dos Goitacazes', -21.75, -41.3, '2021-11-20 14:49:37', '2021-11-20 14:49:37'),
(104, 3, 'Itaipuaçu', -22.97, -43.02, '2021-11-20 14:49:37', '2021-11-20 14:49:37'),
(105, 3, 'Centro', -22.89, -43.13, '2021-11-20 14:49:37', '2021-11-20 14:49:37'),
(106, 3, 'Campinho', -22.89, -43.35, '2021-11-20 14:49:37', '2021-11-20 14:49:37'),
(107, 3, 'Flamengo', -22.93, -43.17, '2021-11-20 14:49:37', '2021-11-20 14:49:37'),
(108, 3, 'Areal', -22.23, -43.11, '2021-11-20 14:49:37', '2021-11-20 14:49:37'),
(109, 3, 'Campo Grande', -22.91, -43.55, '2021-11-20 14:49:37', '2021-11-20 14:49:37'),
(110, 3, 'Piraí', -22.63, -43.9, '2021-11-20 14:49:37', '2021-11-20 14:49:37'),
(111, 3, 'Santa Maria Madalena', -21.95, -42.02, '2021-11-20 14:49:37', '2021-11-20 14:49:37'),
(112, 3, 'Rio Das Flores', -22.17, -43.59, '2021-11-20 14:49:37', '2021-11-20 14:49:37'),
(113, 3, 'Itaperuna', -21.2, -41.9, '2021-11-20 14:49:37', '2021-11-20 14:49:37'),
(114, 3, 'Miracema', -21.42, -42.18, '2021-11-20 14:49:37', '2021-11-20 14:49:37'),
(115, 3, 'Bangu', -22.88, -43.47, '2021-11-20 14:49:37', '2021-11-20 14:49:37'),
(116, 3, 'Vila Da Penha', -22.85, -43.31, '2021-11-20 14:49:37', '2021-11-20 14:49:37'),
(117, 3, 'Botafogo', -22.95, -43.19, '2021-11-20 14:49:37', '2021-11-20 14:49:37'),
(118, 3, 'Porciúncula', -20.97, -42.03, '2021-11-20 14:49:37', '2021-11-20 14:49:37'),
(119, 3, 'Cantagalo', -21.97, -42.37, '2021-11-20 14:49:37', '2021-11-20 14:49:37'),
(120, 3, 'Lapa', -22.91, -43.18, '2021-11-20 14:49:37', '2021-11-20 14:49:37'),
(121, 3, 'Freguesia', -22.79, -43.17, '2021-11-20 14:49:37', '2021-11-20 14:49:37'),
(122, 3, 'Jacarepaguá', -22.96, -43.37, '2021-11-20 14:49:37', '2021-11-20 14:49:37'),
(123, 3, 'Ipiabas', -22.38, -43.87, '2021-11-20 14:49:37', '2021-11-20 14:49:37'),
(124, 3, 'Guaratiba', -22.97, -42.8, '2021-11-20 14:49:37', '2021-11-20 14:49:37'),
(125, 3, 'Serra', -22.1, -43.4, '2021-11-20 14:49:37', '2021-11-20 14:49:37'),
(126, 3, 'Lumiar', -22.37, -42.2, '2021-11-20 14:49:37', '2021-11-20 14:49:37'),
(127, 3, 'Santo Eduardo', -21.22, -41.47, '2021-11-20 14:49:37', '2021-11-20 14:49:37'),
(128, 3, 'Vila Muriqui', -22.92, -43.95, '2021-11-20 14:49:37', '2021-11-20 14:49:37'),
(129, 3, 'Marambaia', -22.77, -42.93, '2021-11-20 14:49:37', '2021-11-20 14:49:37'),
(130, 3, 'Sao Pedro D\'aldeia', -22.85, -42.1, '2021-11-20 14:49:37', '2021-11-20 14:49:37'),
(131, 3, 'Méier', -22.9, -43.28, '2021-11-20 14:49:37', '2021-11-20 14:49:37'),
(132, 3, 'Barão De Juparanã', -22.34, -43.68, '2021-11-20 14:49:37', '2021-11-20 14:49:37'),
(133, 3, 'Irajá', -22.84, -43.32, '2021-11-20 14:49:37', '2021-11-20 14:49:37'),
(134, 3, 'Santo Antônio', -22.17, -41.88, '2021-11-20 14:49:37', '2021-11-20 14:49:37'),
(135, 3, 'Suruhy', -22.66, -43.12, '2021-11-20 14:49:37', '2021-11-20 14:49:37'),
(136, 3, 'Sapucaia', -22, -42.9, '2021-11-20 14:49:37', '2021-11-20 14:49:37'),
(137, 3, 'Monjolo', -22.82, -42.95, '2021-11-20 14:49:37', '2021-11-20 14:49:37'),
(138, 3, 'Pendotiba', -22.9, -43.03, '2021-11-20 14:49:37', '2021-11-20 14:49:37'),
(139, 3, 'Cavaru', -22.25, -43.35, '2021-11-20 14:49:37', '2021-11-20 14:49:37'),
(140, 3, 'Jardim Santa Helena', -22.73, -43.34, '2021-11-20 14:49:37', '2021-11-20 14:49:37'),
(141, 3, 'Vale Do Agrio', -22.39, -42.87, '2021-11-20 14:49:37', '2021-11-20 14:49:37'),
(142, 3, 'Bancários', -22.79, -43.18, '2021-11-20 14:49:37', '2021-11-20 14:49:37'),
(143, 3, 'Cardoso Moreira', -21.48, -41.62, '2021-11-20 14:49:37', '2021-11-20 14:49:37'),
(144, 3, 'Vaz Lobo', -22.86, -43.33, '2021-11-20 14:49:37', '2021-11-20 14:49:37'),
(145, 3, 'Pousada Do Engenho', -22.91, -43.39, '2021-11-20 14:49:37', '2021-11-20 14:49:37'),
(146, 3, 'Pôrto Das Caixas', -22.7, -42.88, '2021-11-20 14:49:37', '2021-11-20 14:49:37'),
(147, 3, 'Macuco', -21.98, -42.27, '2021-11-20 14:49:37', '2021-11-20 14:49:37'),
(148, 3, 'Angola', -21.25, -42.08, '2021-11-20 14:49:37', '2021-11-20 14:49:37'),
(149, 3, 'Sete Pontes', -22.84, -43.08, '2021-11-20 14:49:37', '2021-11-20 14:49:37'),
(150, 3, 'Bacaxá', -22.9, -42.47, '2021-11-20 14:49:37', '2021-11-20 14:49:37'),
(151, 3, 'Barra Da São João', -22.6, -42, '2021-11-20 14:49:37', '2021-11-20 14:49:37'),
(152, 3, 'Olaria', -22.85, -43.27, '2021-11-20 14:49:37', '2021-11-20 14:49:37'),
(153, 3, 'Taboas', -22.21, -43.63, '2021-11-20 14:49:37', '2021-11-20 14:49:37'),
(154, 3, 'Parque Columbia', -22.81, -43.34, '2021-11-20 14:49:37', '2021-11-20 14:49:37'),
(155, 3, 'Vila Prota', -22.65, -43.31, '2021-11-20 14:49:37', '2021-11-20 14:49:37'),
(156, 3, 'Barra De São João', -22.6, -42, '2021-11-20 14:49:37', '2021-11-20 14:49:37'),
(157, 3, 'Santo Amaro De Campos', -21.98, -41.13, '2021-11-20 14:49:37', '2021-11-20 14:49:37'),
(158, 3, 'Engenheiro Paulo De Frontin', -22.55, -43.68, '2021-11-20 14:49:37', '2021-11-20 14:49:37'),
(159, 3, 'Lauro', -21.3, -41.57, '2021-11-20 14:49:37', '2021-11-20 14:49:37'),
(160, 3, 'Cabuçu', -22.78, -43.55, '2021-11-20 14:49:37', '2021-11-20 14:49:37'),
(161, 3, 'Angra', -23, -44.3, '2021-11-20 14:49:37', '2021-11-20 14:49:37'),
(162, 3, 'Rocha Miranda', -22.85, -43.36, '2021-11-20 14:49:37', '2021-11-20 14:49:37'),
(163, 3, 'Manuel Duarte', -22.09, -43.56, '2021-11-20 14:49:37', '2021-11-20 14:49:37'),
(164, 3, 'Lídice', -22.83, -44.19, '2021-11-20 14:49:37', '2021-11-20 14:49:37'),
(165, 3, 'Covanca', -22.91, -43.34, '2021-11-20 14:49:37', '2021-11-20 14:49:37'),
(166, 3, 'Marechal Hermes', -22.86, -43.37, '2021-11-20 14:49:37', '2021-11-20 14:49:37'),
(167, 3, 'São Vicente De Paula', -22.72, -42.25, '2021-11-20 14:49:37', '2021-11-20 14:49:37'),
(168, 3, 'Jardim Sete De Abril', -22.93, -43.64, '2021-11-20 14:49:37', '2021-11-20 14:49:37'),
(169, 3, 'Guarabu', -22.81, -43.19, '2021-11-20 14:49:37', '2021-11-20 14:49:37'),
(170, 3, 'Vidigal', -22.99, -43.24, '2021-11-20 14:49:37', '2021-11-20 14:49:37'),
(171, 3, 'Chapadão', -22.82, -43.37, '2021-11-20 14:49:37', '2021-11-20 14:49:37'),
(172, 3, 'Itambi', -22.73, -42.97, '2021-11-20 14:49:37', '2021-11-20 14:49:37'),
(173, 3, 'Itaipava', -22.38, -43.13, '2021-11-20 14:49:37', '2021-11-20 14:49:37'),
(174, 3, 'Pacheco', -22.83, -42.97, '2021-11-20 14:49:37', '2021-11-20 14:49:37'),
(175, 3, 'Vilar Dos Teles', -22.78, -43.36, '2021-11-20 14:49:37', '2021-11-20 14:49:37'),
(176, 3, 'Gardênia Azul', -22.96, -43.35, '2021-11-20 14:49:37', '2021-11-20 14:49:37'),
(177, 3, 'Alto', -22.44, -42.98, '2021-11-20 14:49:37', '2021-11-20 14:49:37'),
(178, 3, 'Campos Dos Goytacazes', -21.75, -41.32, '2021-11-20 14:49:37', '2021-11-20 14:49:37'),
(179, 3, 'Cidade De Deus', -22.95, -43.36, '2021-11-20 14:49:37', '2021-11-20 14:49:37'),
(180, 3, 'Santo Aleixo', -22.55, -43.05, '2021-11-20 14:49:37', '2021-11-20 14:49:37'),
(181, 3, 'Coroas', -22.13, -43.74, '2021-11-20 14:49:37', '2021-11-20 14:49:37'),
(182, 3, 'Tamoios', -22.7, -42.03, '2021-11-20 14:49:37', '2021-11-20 14:49:37'),
(183, 3, 'Cidade Nova', -22.91, -43.2, '2021-11-20 14:49:37', '2021-11-20 14:49:37'),
(184, 3, 'Parada De Lucas', -22.82, -43.3, '2021-11-20 14:49:37', '2021-11-20 14:49:37'),
(185, 3, 'Sao Vicente De Paulo', -22.72, -42.25, '2021-11-20 14:49:37', '2021-11-20 14:49:37'),
(186, 3, 'Sao Cristovao', -22.9, -43.23, '2021-11-20 14:49:37', '2021-11-20 14:49:37'),
(187, 3, 'Armacao de Buzios', -22.75, -41.88, '2021-11-20 14:49:37', '2021-11-20 14:49:37'),
(188, 3, 'Conservatoria', -22.29, -43.93, '2021-11-20 14:49:37', '2021-11-20 14:49:37'),
(189, 3, 'Parapeuna', -22.09, -43.83, '2021-11-20 14:49:37', '2021-11-20 14:49:37'),
(190, 3, 'Sao Jose de Uba', -21.35, -41.95, '2021-11-20 14:49:37', '2021-11-20 14:49:37'),
(191, 3, 'Jardim America', -22.74, -43.42, '2021-11-20 14:49:37', '2021-11-20 14:49:37'),
(192, 3, 'Sao Sebastiao do Alto', -21.95, -42.13, '2021-11-20 14:49:37', '2021-11-20 14:49:37'),
(193, 3, 'Santo Antonio do Imbe', -21.98, -41.88, '2021-11-20 14:49:37', '2021-11-20 14:49:37'),
(194, 3, 'Guarus', -21.73, -41.33, '2021-11-20 14:49:37', '2021-11-20 14:49:37'),
(195, 3, 'Sampaio Correia', -22.87, -42.6, '2021-11-20 14:49:37', '2021-11-20 14:49:37'),
(196, 3, 'Trajano de Morais', -22.07, -42.07, '2021-11-20 14:49:37', '2021-11-20 14:49:37'),
(197, 3, 'Barro Branco', -21.5, -41.78, '2021-11-20 14:49:37', '2021-11-20 14:49:37'),
(198, 3, 'Santa Rita do Prata', -20.85, -41.75, '2021-11-20 14:49:37', '2021-11-20 14:49:37'),
(199, 3, 'Inglesa', -22.47, -43.22, '2021-11-20 14:49:37', '2021-11-20 14:49:37'),
(200, 3, 'Marechal Jardim', -22.48, -44.52, '2021-11-20 14:49:37', '2021-11-20 14:49:37'),
(201, 3, 'Comendador Levy Gasparian', -22.03, -43.21, '2021-11-20 14:49:37', '2021-11-20 14:49:37'),
(202, 3, 'Gavea', -22.98, -43.23, '2021-11-20 14:49:37', '2021-11-20 14:49:37'),
(203, 3, 'Varre Sai', -20.93, -41.9, '2021-11-20 14:49:37', '2021-11-20 14:49:37'),
(204, 3, 'Vila do Abraao', -23.13, -44.17, '2021-11-20 14:49:37', '2021-11-20 14:49:37'),
(205, 3, 'Itanhanga', -22.99, -43.31, '2021-11-20 14:49:37', '2021-11-20 14:49:37'),
(206, 3, 'Jesuitas', -22.88, -43.68, '2021-11-20 14:49:37', '2021-11-20 14:49:37'),
(207, 3, 'Goitacazes', -21.82, -41.27, '2021-11-20 14:49:37', '2021-11-20 14:49:37'),
(208, 3, 'Cachoeiras', -22.38, -42.1, '2021-11-20 14:49:37', '2021-11-20 14:49:37'),
(209, 3, 'Charitas', -22.93, -43.1, '2021-11-20 14:49:37', '2021-11-20 14:49:37'),
(210, 3, 'Inhomirim', -22.57, -43.18, '2021-11-20 14:49:37', '2021-11-20 14:49:37'),
(211, 3, 'Conrado', -22.54, -43.57, '2021-11-20 14:49:37', '2021-11-20 14:49:37'),
(212, 3, 'Barra Alegre', -22.25, -42.3, '2021-11-20 14:49:37', '2021-11-20 14:49:37'),
(213, 3, 'Laranjeiras', -21.63, -41.68, '2021-11-20 14:49:37', '2021-11-20 14:49:37'),
(214, 3, 'Sao Francisco de Itabapoana', -21.38, -41.15, '2021-11-20 14:49:37', '2021-11-20 14:49:37'),
(215, 3, 'Valao do Barro', -21.83, -42.1, '2021-11-20 14:49:37', '2021-11-20 14:49:37'),
(216, 3, 'Morro do Coco', -21.38, -41.35, '2021-11-20 14:49:37', '2021-11-20 14:49:37'),
(217, 3, 'Sepetiba', -22.98, -43.7, '2021-11-20 14:49:37', '2021-11-20 14:49:37'),
(218, 3, 'Itacurussa', -22.93, -43.91, '2021-11-20 14:49:37', '2021-11-20 14:49:37'),
(219, 3, 'Sao Franciso', -23.01, -43.45, '2021-11-20 14:49:37', '2021-11-20 14:49:37'),
(220, 3, 'Sao Jose do Rio Preto', -22.17, -42.92, '2021-11-20 14:49:37', '2021-11-20 14:49:37'),
(221, 3, 'Governador Portela', -22.47, -43.49, '2021-11-20 14:49:37', '2021-11-20 14:49:37'),
(222, 3, 'Avelar', -22.32, -43.41, '2021-11-20 14:49:37', '2021-11-20 14:49:37'),
(223, 3, 'Piedade', -22.12, -41.62, '2021-11-20 14:49:37', '2021-11-20 14:49:37'),
(224, 3, 'Tapera', -21.75, -41.82, '2021-11-20 14:49:37', '2021-11-20 14:49:37'),
(225, 3, 'Visconde de Imbe', -22.08, -42.17, '2021-11-20 14:49:37', '2021-11-20 14:49:37'),
(226, 3, 'Comendador Venancio', -21.18, -42.1, '2021-11-20 14:49:37', '2021-11-20 14:49:37'),
(227, 3, 'Rio Comprido', -22.92, -43.2, '2021-11-20 14:49:37', '2021-11-20 14:49:37'),
(228, 3, 'Riachuelo', -22.9, -43.26, '2021-11-20 14:49:37', '2021-11-20 14:49:37'),
(229, 3, 'Arrozal', -22.62, -44.05, '2021-11-20 14:49:37', '2021-11-20 14:49:37'),
(230, 3, 'Tribobo', -22.86, -43.03, '2021-11-20 14:49:37', '2021-11-20 14:49:37'),
(231, 3, 'Vieira', -22.22, -42.72, '2021-11-20 14:49:37', '2021-11-20 14:49:37'),
(232, 3, 'Bento Ribeiro', -22.87, -43.36, '2021-11-20 14:49:37', '2021-11-20 14:49:37'),
(233, 3, 'Sao Conrado', -23, -43.27, '2021-11-20 14:49:37', '2021-11-20 14:49:37'),
(234, 3, 'Bananal', -22.79, -43.16, '2021-11-20 14:49:37', '2021-11-20 14:49:37'),
(235, 3, 'Bela Vista', -20.98, -41.92, '2021-11-20 14:49:37', '2021-11-20 14:49:37'),
(236, 3, 'Sao Joaquim', -21.47, -41.5, '2021-11-20 14:49:37', '2021-11-20 14:49:37'),
(237, 3, 'Agostinho Porto', -22.79, -43.38, '2021-11-20 14:49:37', '2021-11-20 14:49:37'),
(238, 4, 'Crato', -7.23, -39.38, '2021-11-20 14:54:11', '2021-11-20 14:54:11'),
(239, 4, 'Tabuleiro Do Norte', -5.25, -38.12, '2021-11-20 14:54:11', '2021-11-20 14:54:11'),
(240, 4, 'Juazeiro Do Norte', -7.2, -39.33, '2021-11-20 14:54:11', '2021-11-20 14:54:11'),
(241, 4, 'Groaíras', -3.88, -40.38, '2021-11-20 14:54:11', '2021-11-20 14:54:11'),
(242, 4, 'Eusébio', -3.9, -38.45, '2021-11-20 14:54:11', '2021-11-20 14:54:11'),
(243, 4, 'Itapagé', -3.68, -39.57, '2021-11-20 14:54:11', '2021-11-20 14:54:11'),
(244, 4, 'Cândido', -4.8, -39.38, '2021-11-20 14:54:11', '2021-11-20 14:54:11'),
(245, 4, 'Ceará', -3.72, -38.5, '2021-11-20 14:54:11', '2021-11-20 14:54:11'),
(246, 4, 'Sobral', -3.7, -40.35, '2021-11-20 14:54:11', '2021-11-20 14:54:11'),
(247, 4, 'Pereiro', -6.05, -38.47, '2021-11-20 14:54:11', '2021-11-20 14:54:11'),
(248, 4, 'Itapipoca', -3.5, -39.58, '2021-11-20 14:54:11', '2021-11-20 14:54:11'),
(249, 4, 'Horizonte', -4.08, -38.48, '2021-11-20 14:54:11', '2021-11-20 14:54:11'),
(250, 4, 'Joaquim', -5.05, -39.55, '2021-11-20 14:54:11', '2021-11-20 14:54:11'),
(251, 4, 'Redenção', -4.22, -38.72, '2021-11-20 14:54:11', '2021-11-20 14:54:11'),
(252, 4, 'Diogo', -4.18, -38.05, '2021-11-20 14:54:11', '2021-11-20 14:54:11'),
(253, 4, 'Maracanaú', -3.87, -38.63, '2021-11-20 14:54:11', '2021-11-20 14:54:11'),
(254, 4, 'Pacajus', -4.17, -38.47, '2021-11-20 14:54:11', '2021-11-20 14:54:11'),
(255, 4, 'Maranguape', -3.88, -38.67, '2021-11-20 14:54:11', '2021-11-20 14:54:11'),
(256, 4, 'Aracati', -4.57, -37.77, '2021-11-20 14:54:11', '2021-11-20 14:54:11'),
(257, 4, 'Caucaia', -3.7, -38.65, '2021-11-20 14:54:11', '2021-11-20 14:54:11'),
(258, 4, 'Araripe', -7.2, -40.13, '2021-11-20 14:54:11', '2021-11-20 14:54:11'),
(259, 4, 'Barbalha', -7.32, -39.28, '2021-11-20 14:54:11', '2021-11-20 14:54:11'),
(260, 4, 'Canindé', -4.37, -39.32, '2021-11-20 14:54:11', '2021-11-20 14:54:11'),
(261, 4, 'Jericoacoara', -2.79, -40.52, '2021-11-20 14:54:11', '2021-11-20 14:54:11'),
(262, 4, 'Bela Cruz', -3.05, -40.18, '2021-11-20 14:54:11', '2021-11-20 14:54:11'),
(263, 4, 'Amontada', -3.38, -39.83, '2021-11-20 14:54:11', '2021-11-20 14:54:11'),
(264, 4, 'Acopiara', -6.1, -39.45, '2021-11-20 14:54:11', '2021-11-20 14:54:11'),
(265, 4, 'Limoeiro Do Norte', -5.13, -38.08, '2021-11-20 14:54:11', '2021-11-20 14:54:11'),
(266, 4, 'Aiuaba', -6.63, -40.12, '2021-11-20 14:54:11', '2021-11-20 14:54:11'),
(267, 4, 'Baturité', -4.33, -38.88, '2021-11-20 14:54:11', '2021-11-20 14:54:11'),
(268, 4, 'Barro', -6.72, -38.87, '2021-11-20 14:54:11', '2021-11-20 14:54:11'),
(269, 4, 'Arneiroz', -6.33, -40.13, '2021-11-20 14:54:11', '2021-11-20 14:54:11'),
(270, 4, 'Brejo Santo', -7.48, -39, '2021-11-20 14:54:11', '2021-11-20 14:54:11'),
(271, 4, 'Cedro', -6.6, -39.05, '2021-11-20 14:54:11', '2021-11-20 14:54:11'),
(272, 4, 'Crateús', -5.17, -40.67, '2021-11-20 14:54:11', '2021-11-20 14:54:11'),
(273, 4, 'Ubajara', -3.85, -40.93, '2021-11-20 14:54:11', '2021-11-20 14:54:11'),
(274, 4, 'Santa Quitéria', -4.33, -40.17, '2021-11-20 14:54:11', '2021-11-20 14:54:11'),
(275, 4, 'Aquiraz', -3.9, -38.37, '2021-11-20 14:54:11', '2021-11-20 14:54:11'),
(276, 4, 'Cascavel', -4.12, -38.23, '2021-11-20 14:54:11', '2021-11-20 14:54:11'),
(277, 4, 'Beberibe', -4.18, -38.13, '2021-11-20 14:54:11', '2021-11-20 14:54:11'),
(278, 4, 'Ibicuitinga', -4.98, -38.65, '2021-11-20 14:54:11', '2021-11-20 14:54:11'),
(279, 4, 'Trairi', -3.28, -39.25, '2021-11-20 14:54:11', '2021-11-20 14:54:11'),
(280, 4, 'Catunda', -4.53, -40.2, '2021-11-20 14:54:11', '2021-11-20 14:54:11'),
(281, 4, 'Itaitinga', -3.97, -38.52, '2021-11-20 14:54:11', '2021-11-20 14:54:11'),
(282, 4, 'Jaguaruana', -4.83, -37.78, '2021-11-20 14:54:11', '2021-11-20 14:54:11'),
(283, 4, 'Água Verde', -4.17, -38.7, '2021-11-20 14:54:11', '2021-11-20 14:54:11'),
(284, 4, 'Tianguá', -3.73, -40.98, '2021-11-20 14:54:11', '2021-11-20 14:54:11'),
(285, 4, 'Nova Russas', -4.7, -40.57, '2021-11-20 14:54:11', '2021-11-20 14:54:11'),
(286, 4, 'Viçosa Do Ceará', -3.57, -41.08, '2021-11-20 14:54:11', '2021-11-20 14:54:11'),
(287, 4, 'Pacatuba', -3.97, -38.62, '2021-11-20 14:54:11', '2021-11-20 14:54:11'),
(288, 4, 'Quixeramobim', -5.2, -39.28, '2021-11-20 14:54:11', '2021-11-20 14:54:11'),
(289, 4, 'Borges', -4.88, -37.87, '2021-11-20 14:54:11', '2021-11-20 14:54:11'),
(290, 4, 'Aracoiaba', -4.38, -38.82, '2021-11-20 14:54:11', '2021-11-20 14:54:11'),
(291, 4, 'Missão Velha', -7.25, -39.13, '2021-11-20 14:54:11', '2021-11-20 14:54:11'),
(292, 4, 'Ipu', -4.33, -40.7, '2021-11-20 14:54:11', '2021-11-20 14:54:11'),
(293, 4, 'Massapê', -3.52, -40.32, '2021-11-20 14:54:11', '2021-11-20 14:54:11'),
(294, 4, 'Monsenhor Tabosa', -4.78, -40.07, '2021-11-20 14:54:11', '2021-11-20 14:54:11'),
(295, 4, 'Orós', -6.25, -38.92, '2021-11-20 14:54:11', '2021-11-20 14:54:11'),
(296, 4, 'São João Do Jaguaribe', -5.27, -38.27, '2021-11-20 14:54:11', '2021-11-20 14:54:11'),
(297, 4, 'Marco', -3.13, -40.15, '2021-11-20 14:54:11', '2021-11-20 14:54:11'),
(298, 4, 'Varjota', -4.13, -40.5, '2021-11-20 14:54:11', '2021-11-20 14:54:11'),
(299, 4, 'Morada Nova', -5.12, -38.38, '2021-11-20 14:54:11', '2021-11-20 14:54:11'),
(300, 4, 'Antonina Do Norte', -6.72, -39.97, '2021-11-20 14:54:11', '2021-11-20 14:54:11'),
(301, 4, 'Camocim', -2.89, -40.85, '2021-11-20 14:54:11', '2021-11-20 14:54:11'),
(302, 4, 'Carnaubal', -4.17, -40.95, '2021-11-20 14:54:11', '2021-11-20 14:54:11'),
(303, 4, 'Cruz', -2.95, -40.18, '2021-11-20 14:54:11', '2021-11-20 14:54:11'),
(304, 4, 'Iguatu', -6.37, -39.3, '2021-11-20 14:54:11', '2021-11-20 14:54:11'),
(305, 4, 'Ibiapina', -3.92, -40.9, '2021-11-20 14:54:11', '2021-11-20 14:54:11'),
(306, 4, 'Russas', -4.93, -37.97, '2021-11-20 14:54:11', '2021-11-20 14:54:11'),
(307, 4, 'Granja', -3.1, -40.83, '2021-11-20 14:54:11', '2021-11-20 14:54:11'),
(308, 4, 'Milagres', -7.28, -38.95, '2021-11-20 14:54:11', '2021-11-20 14:54:11'),
(309, 4, 'Alferes', -5.95, -40.1, '2021-11-20 14:54:11', '2021-11-20 14:54:11'),
(310, 4, 'Assaré', -6.87, -39.87, '2021-11-20 14:54:11', '2021-11-20 14:54:11'),
(311, 4, 'Quixeré', -5.08, -37.98, '2021-11-20 14:54:11', '2021-11-20 14:54:11'),
(312, 4, 'Tarrafas', -6.68, -39.77, '2021-11-20 14:54:11', '2021-11-20 14:54:11'),
(313, 4, 'Madalena', -4.53, -40.2, '2021-11-20 14:54:11', '2021-11-20 14:54:11'),
(314, 4, 'Itaiçaba', -4.67, -37.85, '2021-11-20 14:54:11', '2021-11-20 14:54:11'),
(315, 4, 'Caridade', -4.22, -39.2, '2021-11-20 14:54:11', '2021-11-20 14:54:11'),
(316, 4, 'Santana Do Acaraú', -3.45, -40.2, '2021-11-20 14:54:11', '2021-11-20 14:54:11'),
(317, 4, 'Apuiarés', -3.93, -39.4, '2021-11-20 14:54:11', '2021-11-20 14:54:11'),
(318, 4, 'Jaguaribe', -5.88, -38.62, '2021-11-20 14:54:11', '2021-11-20 14:54:11'),
(319, 4, 'Choròzinho', -4.3, -38.48, '2021-11-20 14:54:11', '2021-11-20 14:54:11'),
(320, 4, 'Pedra Branca', -5.45, -39.72, '2021-11-20 14:54:11', '2021-11-20 14:54:11'),
(321, 4, 'Senador Pompeu', -5.58, -39.37, '2021-11-20 14:54:11', '2021-11-20 14:54:11'),
(322, 4, 'Acaraú', -2.88, -40.12, '2021-11-20 14:54:11', '2021-11-20 14:54:11'),
(323, 4, 'Guaramiranga', -4.25, -38.93, '2021-11-20 14:54:11', '2021-11-20 14:54:11'),
(324, 4, 'Lagoa D\'anta', -6.48, -39.33, '2021-11-20 14:54:11', '2021-11-20 14:54:11'),
(325, 4, 'Tauá', -5.97, -40.3, '2021-11-20 14:54:11', '2021-11-20 14:54:11'),
(326, 4, 'São Gabriel', -5.78, -38.1, '2021-11-20 14:54:11', '2021-11-20 14:54:11'),
(327, 4, 'Campos Sales', -7.07, -40.38, '2021-11-20 14:54:11', '2021-11-20 14:54:11'),
(328, 4, 'Paracuru', -3.4, -39.07, '2021-11-20 14:54:11', '2021-11-20 14:54:11'),
(329, 4, 'Quixadá', -4.97, -39.02, '2021-11-20 14:54:11', '2021-11-20 14:54:11'),
(330, 4, 'Iracema', -3.98, -40.08, '2021-11-20 14:54:11', '2021-11-20 14:54:11'),
(331, 4, 'Lavras Da Mangabeira', -6.75, -38.95, '2021-11-20 14:54:11', '2021-11-20 14:54:11'),
(332, 4, 'Farias Brito', -6.92, -39.57, '2021-11-20 14:54:11', '2021-11-20 14:54:11'),
(333, 4, 'Icó', -6.4, -38.85, '2021-11-20 14:54:11', '2021-11-20 14:54:11'),
(334, 4, 'Pindoretama', -4.03, -38.3, '2021-11-20 14:54:11', '2021-11-20 14:54:11'),
(335, 4, 'Saboeiro', -6.53, -39.9, '2021-11-20 14:54:11', '2021-11-20 14:54:11'),
(336, 4, 'Parambu', -6.22, -40.72, '2021-11-20 14:54:11', '2021-11-20 14:54:11'),
(337, 4, 'Jaguaribara', -5.67, -38.62, '2021-11-20 14:54:11', '2021-11-20 14:54:11'),
(338, 4, 'Icapuí', -4.71, -37.35, '2021-11-20 14:54:11', '2021-11-20 14:54:11'),
(339, 4, 'Santana Do Cariri', -7.18, -39.73, '2021-11-20 14:54:11', '2021-11-20 14:54:11'),
(340, 4, 'Tururu', -3.58, -39.45, '2021-11-20 14:54:11', '2021-11-20 14:54:11'),
(341, 4, 'Itarema', -2.9, -39.97, '2021-11-20 14:54:11', '2021-11-20 14:54:11'),
(342, 4, 'Guaraciaba Do Norte', -4.17, -40.77, '2021-11-20 14:54:11', '2021-11-20 14:54:11'),
(343, 4, 'Forquilha', -2.9, -40.53, '2021-11-20 14:54:11', '2021-11-20 14:54:11'),
(344, 4, 'Itapajé', -3.68, -39.57, '2021-11-20 14:54:11', '2021-11-20 14:54:11'),
(345, 4, 'Chaval', -3.03, -41.25, '2021-11-20 14:54:11', '2021-11-20 14:54:11'),
(346, 4, 'Farias', -7.35, -39.4, '2021-11-20 14:54:11', '2021-11-20 14:54:11'),
(347, 4, 'Tamboril', -4.83, -40.33, '2021-11-20 14:54:11', '2021-11-20 14:54:11'),
(348, 4, 'Pecém', -3.53, -38.87, '2021-11-20 14:54:11', '2021-11-20 14:54:11'),
(349, 4, 'Milhã', -5.67, -39.18, '2021-11-20 14:54:11', '2021-11-20 14:54:11'),
(350, 4, 'Banabuiú', -5.28, -38.87, '2021-11-20 14:54:11', '2021-11-20 14:54:11'),
(351, 4, 'Carrapateira', -2.82, -40.32, '2021-11-20 14:54:11', '2021-11-20 14:54:11'),
(352, 4, 'Inhuporanga', -4.1, -39.05, '2021-11-20 14:54:11', '2021-11-20 14:54:11'),
(353, 4, 'Frecheirinha', -3.77, -40.8, '2021-11-20 14:54:11', '2021-11-20 14:54:11'),
(354, 4, 'Pentecoste', -3.8, -39.28, '2021-11-20 14:54:11', '2021-11-20 14:54:11'),
(355, 4, 'Uruoca', -3.33, -40.53, '2021-11-20 14:54:11', '2021-11-20 14:54:11'),
(356, 4, 'Reriutaba', -4.17, -40.58, '2021-11-20 14:54:11', '2021-11-20 14:54:11'),
(357, 4, 'Coreaú', -3.55, -40.65, '2021-11-20 14:54:11', '2021-11-20 14:54:11'),
(358, 4, 'Jucás', -6.53, -39.53, '2021-11-20 14:54:11', '2021-11-20 14:54:11'),
(359, 4, 'Boa Viagem', -5.12, -39.73, '2021-11-20 14:54:11', '2021-11-20 14:54:11'),
(360, 4, 'Ipaumirim', -6.78, -38.72, '2021-11-20 14:54:11', '2021-11-20 14:54:11'),
(361, 4, 'São Benedito', -4.05, -40.88, '2021-11-20 14:54:11', '2021-11-20 14:54:11'),
(362, 4, 'Nôvo Oriente', -5.53, -40.77, '2021-11-20 14:54:11', '2021-11-20 14:54:11'),
(363, 4, 'Tejuçuoca', -4.02, -39.52, '2021-11-20 14:54:11', '2021-11-20 14:54:11'),
(364, 4, 'Pacoti', -4.22, -38.93, '2021-11-20 14:54:11', '2021-11-20 14:54:11'),
(365, 4, 'Ipueiras', -7.03, -40.45, '2021-11-20 14:54:11', '2021-11-20 14:54:11'),
(366, 4, 'São Luís Do Curu', -3.67, -39.23, '2021-11-20 14:54:11', '2021-11-20 14:54:11'),
(367, 4, 'Itatira', -4.5, -39.62, '2021-11-20 14:54:11', '2021-11-20 14:54:11'),
(368, 4, 'Oliveiras', -5.07, -40.42, '2021-11-20 14:54:11', '2021-11-20 14:54:11'),
(369, 4, 'Meruoca', -3.47, -40.47, '2021-11-20 14:54:11', '2021-11-20 14:54:11'),
(370, 4, 'Irauçuba', -3.75, -39.78, '2021-11-20 14:54:11', '2021-11-20 14:54:11'),
(371, 4, 'São Gonçalo Do Amarante', -3.6, -38.97, '2021-11-20 14:54:11', '2021-11-20 14:54:11'),
(372, 4, 'Cariús', -6.53, -39.5, '2021-11-20 14:54:11', '2021-11-20 14:54:11'),
(373, 4, 'Paraipaba', -3.43, -39.12, '2021-11-20 14:54:11', '2021-11-20 14:54:11'),
(374, 4, 'Capistrano', -4.47, -38.92, '2021-11-20 14:54:11', '2021-11-20 14:54:11'),
(375, 4, 'Guaiuba', -4.03, -38.63, '2021-11-20 14:54:11', '2021-11-20 14:54:11'),
(376, 4, 'Macaraú', -4.2, -40.43, '2021-11-20 14:54:11', '2021-11-20 14:54:11'),
(377, 4, 'Ocara', -4.48, -38.62, '2021-11-20 14:54:11', '2021-11-20 14:54:11'),
(378, 4, 'Altaneira', -6.98, -39.73, '2021-11-20 14:54:11', '2021-11-20 14:54:11'),
(379, 4, 'Umirim', -3.68, -39.33, '2021-11-20 14:54:11', '2021-11-20 14:54:11'),
(380, 4, 'Piquet Carneiro', -5.8, -39.42, '2021-11-20 14:54:11', '2021-11-20 14:54:11'),
(381, 4, 'Itapó', -4.03, -38.4, '2021-11-20 14:54:11', '2021-11-20 14:54:11'),
(382, 4, 'Uruburetama', -3.63, -39.5, '2021-11-20 14:54:11', '2021-11-20 14:54:11'),
(383, 4, 'Cachoeira Grande', -4.6, -41.2, '2021-11-20 14:54:11', '2021-11-20 14:54:11'),
(384, 4, 'Alto Santo', -5.52, -38.25, '2021-11-20 14:54:11', '2021-11-20 14:54:11'),
(385, 4, 'Miraima', -3.58, -39.98, '2021-11-20 14:54:11', '2021-11-20 14:54:11'),
(386, 4, 'Mauriti', -7.38, -38.77, '2021-11-20 14:54:11', '2021-11-20 14:54:11'),
(387, 4, 'Ararenda', -4.75, -40.83, '2021-11-20 14:54:11', '2021-11-20 14:54:11'),
(388, 4, 'Martinopole', -3.25, -40.68, '2021-11-20 14:54:11', '2021-11-20 14:54:11'),
(389, 4, 'Mombaca', -5.75, -39.63, '2021-11-20 14:54:11', '2021-11-20 14:54:11'),
(390, 4, 'Alegres', -5.95, -40.1, '2021-11-20 14:54:11', '2021-11-20 14:54:11'),
(391, 4, 'Jardim', -3.43, -39.02, '2021-11-20 14:54:11', '2021-11-20 14:54:11'),
(392, 4, 'Pires Ferreira', -4.25, -40.63, '2021-11-20 14:54:11', '2021-11-20 14:54:11'),
(393, 4, 'Barroquinha', -2.98, -41.08, '2021-11-20 14:54:11', '2021-11-20 14:54:11'),
(394, 4, 'Potiretama', -5.72, -38.15, '2021-11-20 14:54:11', '2021-11-20 14:54:11'),
(395, 4, 'Caririacu', -7.03, -39.28, '2021-11-20 14:54:11', '2021-11-20 14:54:11'),
(396, 4, 'Antonio Diogo', -4.3, -38.75, '2021-11-20 14:54:11', '2021-11-20 14:54:11'),
(397, 4, 'Solonopole', -5.73, -39.02, '2021-11-20 14:54:11', '2021-11-20 14:54:11'),
(398, 4, 'Fortim', -4.45, -37.78, '2021-11-20 14:54:11', '2021-11-20 14:54:11'),
(399, 4, 'Graca', -4.05, -40.75, '2021-11-20 14:54:11', '2021-11-20 14:54:11'),
(400, 4, 'Nova Olinda', -5.92, -40.1, '2021-11-20 14:54:11', '2021-11-20 14:54:11'),
(401, 4, 'Aurora', -6.95, -38.97, '2021-11-20 14:54:11', '2021-11-20 14:54:11'),
(402, 4, 'Potengi', -7.1, -40, '2021-11-20 14:54:11', '2021-11-20 14:54:11'),
(403, 4, 'Ibaretama', -4.87, -38.88, '2021-11-20 14:54:11', '2021-11-20 14:54:11'),
(404, 4, 'Gracas', -5.28, -40.68, '2021-11-20 14:54:11', '2021-11-20 14:54:11'),
(405, 4, 'Taboleiro Grande', -3.17, -40.13, '2021-11-20 14:54:11', '2021-11-20 14:54:11'),
(406, 4, 'Jaguaretama', -5.62, -38.77, '2021-11-20 14:54:11', '2021-11-20 14:54:11'),
(407, 4, 'Poranga', -4.73, -40.92, '2021-11-20 14:54:11', '2021-11-20 14:54:11'),
(408, 4, 'Sucesso', -4.93, -40.53, '2021-11-20 14:54:11', '2021-11-20 14:54:11'),
(409, 4, 'Abaiara', -7.35, -39.05, '2021-11-20 14:54:11', '2021-11-20 14:54:11'),
(410, 4, 'Aracatiara', -3.17, -39.73, '2021-11-20 14:54:11', '2021-11-20 14:54:11'),
(411, 4, 'Acarape', -3.67, -40.97, '2021-11-20 14:54:11', '2021-11-20 14:54:11'),
(412, 4, 'Varzea Alegre', -5.35, -40.38, '2021-11-20 14:54:11', '2021-11-20 14:54:11'),
(413, 4, 'Palmacia', -4.13, -38.83, '2021-11-20 14:54:11', '2021-11-20 14:54:11'),
(414, 4, 'Penaforte', -7.83, -39.08, '2021-11-20 14:54:11', '2021-11-20 14:54:11'),
(415, 4, 'Raposa (1)', -3.58, -40.18, '2021-11-20 14:54:11', '2021-11-20 14:54:11'),
(416, 4, 'Maioba', -2.5, -44.15, '2021-11-20 14:54:11', '2021-11-20 14:54:11'),
(417, 4, 'Baixio', -5.95, -39.48, '2021-11-20 14:54:11', '2021-11-20 14:54:11'),
(418, 4, 'Porteiras', -7.6, -39.07, '2021-11-20 14:54:11', '2021-11-20 14:54:11'),
(419, 4, 'Figueiredo', -6.33, -40.07, '2021-11-20 14:54:11', '2021-11-20 14:54:11'),
(420, 4, 'Rocha', -3.02, -40.37, '2021-11-20 14:54:11', '2021-11-20 14:54:11'),
(421, 4, 'Lima Campos', -6.42, -38.95, '2021-11-20 14:54:11', '2021-11-20 14:54:11'),
(422, 4, 'Deputado Irapuan Pinheiro', -5.92, -39.27, '2021-11-20 14:54:11', '2021-11-20 14:54:11'),
(423, 4, 'Umari', -6.61, -38.72, '2021-11-20 14:54:11', '2021-11-20 14:54:11'),
(424, 4, 'Salitre', -4.22, -39.73, '2021-11-20 14:54:11', '2021-11-20 14:54:11'),
(425, 4, 'General Sampaio', -4.05, -39.44, '2021-11-20 14:54:11', '2021-11-20 14:54:11'),
(426, 4, 'Alcantaras', -3.58, -40.5, '2021-11-20 14:54:11', '2021-11-20 14:54:11'),
(427, 4, 'Mucambo', -3.91, -40.77, '2021-11-20 14:54:11', '2021-11-20 14:54:11'),
(428, 4, 'Croata', -3.65, -39.12, '2021-11-20 14:54:11', '2021-11-20 14:54:11'),
(429, 4, 'Itapiuna', -4.62, -38.93, '2021-11-20 14:54:11', '2021-11-20 14:54:11'),
(430, 4, 'Carire', -3.95, -40.45, '2021-11-20 14:54:11', '2021-11-20 14:54:11'),
(431, 4, 'Hidrolandia', -4.42, -40.42, '2021-11-20 14:54:11', '2021-11-20 14:54:11'),
(432, 4, 'Taperuaba', -4.05, -39.92, '2021-11-20 14:54:11', '2021-11-20 14:54:11'),
(433, 4, 'Barreira', -4.37, -38.61, '2021-11-20 14:54:11', '2021-11-20 14:54:11'),
(434, 5, 'Florianópolis', -27.58, -48.57, '2021-11-20 14:57:20', '2021-11-20 14:57:20'),
(435, 5, 'Joinville', -26.3, -48.83, '2021-11-20 14:57:20', '2021-11-20 14:57:20'),
(436, 5, 'São José', -27.63, -48.65, '2021-11-20 14:57:20', '2021-11-20 14:57:20'),
(437, 5, 'Blumenau', -26.93, -49.05, '2021-11-20 14:57:20', '2021-11-20 14:57:20'),
(438, 5, 'Itajaí', -26.88, -48.65, '2021-11-20 14:57:20', '2021-11-20 14:57:20'),
(439, 5, 'Camboriú', -26.98, -48.63, '2021-11-20 14:57:20', '2021-11-20 14:57:20'),
(440, 5, 'Porto Belo', -27.16, -48.54, '2021-11-20 14:57:20', '2021-11-20 14:57:20'),
(441, 5, 'Xanxerê', -26.88, -52.38, '2021-11-20 14:57:20', '2021-11-20 14:57:20'),
(442, 5, 'Forquilhinha', -28.75, -49.47, '2021-11-20 14:57:20', '2021-11-20 14:57:20'),
(443, 5, 'Brusque', -27.1, -48.93, '2021-11-20 14:57:20', '2021-11-20 14:57:20'),
(444, 5, 'Criciúma', -28.67, -49.38, '2021-11-20 14:57:20', '2021-11-20 14:57:20'),
(445, 5, 'Jaraguá Do Sul', -26.48, -49.07, '2021-11-20 14:57:20', '2021-11-20 14:57:20'),
(446, 5, 'São Bento Do Sul', -26.25, -49.38, '2021-11-20 14:57:20', '2021-11-20 14:57:20'),
(447, 5, 'Presidente Getúlio', -27.05, -49.62, '2021-11-20 14:57:20', '2021-11-20 14:57:20'),
(448, 5, 'Lages', -27.8, -50.32, '2021-11-20 14:57:20', '2021-11-20 14:57:20'),
(449, 5, 'Garopaba', -28.07, -48.67, '2021-11-20 14:57:20', '2021-11-20 14:57:20'),
(450, 5, 'Otacílio Costa', -27.57, -50.12, '2021-11-20 14:57:20', '2021-11-20 14:57:20'),
(451, 5, 'Chapecó', -27.08, -52.98, '2021-11-20 14:57:20', '2021-11-20 14:57:20'),
(452, 5, 'Timbó', -26.83, -49.3, '2021-11-20 14:57:20', '2021-11-20 14:57:20'),
(453, 5, 'Nova Xavantina', -27.08, -52.33, '2021-11-20 14:57:20', '2021-11-20 14:57:20'),
(454, 5, 'Tubarão', -28.5, -49.02, '2021-11-20 14:57:20', '2021-11-20 14:57:20'),
(455, 5, 'Videira', -27, -51.13, '2021-11-20 14:57:20', '2021-11-20 14:57:20'),
(456, 5, 'Caçador', -26.78, -51, '2021-11-20 14:57:20', '2021-11-20 14:57:20'),
(457, 5, 'Rio Do Sul', -27.22, -49.65, '2021-11-20 14:57:20', '2021-11-20 14:57:20'),
(458, 5, 'Concórdia', -27.23, -52.02, '2021-11-20 14:57:20', '2021-11-20 14:57:20'),
(459, 5, 'Abelardo Luz', -26.6, -52.35, '2021-11-20 14:57:20', '2021-11-20 14:57:20'),
(460, 5, 'São Miguel Do Oeste', -26.75, -53.57, '2021-11-20 14:57:20', '2021-11-20 14:57:20'),
(461, 5, 'Curitibanos', -27.3, -50.6, '2021-11-20 14:57:20', '2021-11-20 14:57:20'),
(462, 5, 'Joinvile', -26.3, -48.83, '2021-11-20 14:57:20', '2021-11-20 14:57:20'),
(463, 5, 'Tijucas', -27.24, -48.63, '2021-11-20 14:57:20', '2021-11-20 14:57:20'),
(464, 5, 'Ibirama', -27.07, -49.52, '2021-11-20 14:57:20', '2021-11-20 14:57:20'),
(465, 5, 'Laguna', -28.48, -48.78, '2021-11-20 14:57:20', '2021-11-20 14:57:20'),
(466, 5, 'Gaspar', -26.93, -48.97, '2021-11-20 14:57:20', '2021-11-20 14:57:20'),
(467, 5, 'Irani', -27.02, -51.9, '2021-11-20 14:57:20', '2021-11-20 14:57:20'),
(468, 5, 'Capinzal', -27.33, -51.6, '2021-11-20 14:57:20', '2021-11-20 14:57:20'),
(469, 5, 'Joaçaba', -27.17, -51.5, '2021-11-20 14:57:20', '2021-11-20 14:57:20'),
(470, 5, 'Canoinhas', -26.17, -50.4, '2021-11-20 14:57:20', '2021-11-20 14:57:20'),
(471, 5, 'Biguaçu', -27.5, -48.67, '2021-11-20 14:57:20', '2021-11-20 14:57:20'),
(472, 5, 'Santa Cecília', -26.93, -50.45, '2021-11-20 14:57:20', '2021-11-20 14:57:20'),
(473, 5, 'Araranguá', -28.93, -49.48, '2021-11-20 14:57:20', '2021-11-20 14:57:20'),
(474, 5, 'Pomerode', -26.75, -49.18, '2021-11-20 14:57:20', '2021-11-20 14:57:20'),
(475, 5, 'Nereu Ramos', -26.45, -49.17, '2021-11-20 14:57:20', '2021-11-20 14:57:20'),
(476, 5, 'Imbituba', -28.23, -48.67, '2021-11-20 14:57:20', '2021-11-20 14:57:20'),
(477, 5, 'Paulo Lopes', -27.96, -48.68, '2021-11-20 14:57:20', '2021-11-20 14:57:20'),
(478, 5, 'Lauro Müller', -28.4, -49.38, '2021-11-20 14:57:20', '2021-11-20 14:57:20'),
(479, 5, 'Mafra', -26.12, -49.8, '2021-11-20 14:57:20', '2021-11-20 14:57:20'),
(480, 5, 'Catanduvas', -27.07, -51.68, '2021-11-20 14:57:20', '2021-11-20 14:57:20'),
(481, 5, 'Palhoça', -27.63, -48.67, '2021-11-20 14:57:20', '2021-11-20 14:57:20'),
(482, 5, 'Herval', -27.22, -51.57, '2021-11-20 14:57:20', '2021-11-20 14:57:20'),
(483, 5, 'Jaguaruna', -28.6, -49.03, '2021-11-20 14:57:20', '2021-11-20 14:57:20'),
(484, 5, 'Itapema', -27.1, -48.62, '2021-11-20 14:57:20', '2021-11-20 14:57:20'),
(485, 5, 'São João Batista', -27.27, -48.83, '2021-11-20 14:57:20', '2021-11-20 14:57:20'),
(486, 5, 'Palmitos', -27.08, -53.13, '2021-11-20 14:57:20', '2021-11-20 14:57:20'),
(487, 5, 'São Lourenço Do Oeste', -26.4, -52.77, '2021-11-20 14:57:20', '2021-11-20 14:57:20'),
(488, 5, 'Barra Velha', -26.64, -48.69, '2021-11-20 14:57:20', '2021-11-20 14:57:20'),
(489, 5, 'Papanduva', -26.42, -50.15, '2021-11-20 14:57:20', '2021-11-20 14:57:20'),
(490, 5, 'Maravilha', -26.78, -53.15, '2021-11-20 14:57:20', '2021-11-20 14:57:20'),
(491, 5, 'Ascurra', -26.97, -49.37, '2021-11-20 14:57:20', '2021-11-20 14:57:20'),
(492, 5, 'Ilhota', -26.9, -48.87, '2021-11-20 14:57:20', '2021-11-20 14:57:20'),
(493, 5, 'Nova Trento', -27.28, -48.92, '2021-11-20 14:57:20', '2021-11-20 14:57:20'),
(494, 5, 'Navegantes', -26.9, -48.65, '2021-11-20 14:57:20', '2021-11-20 14:57:20'),
(495, 5, 'Indaial', -26.89, -49.22, '2021-11-20 14:57:20', '2021-11-20 14:57:20'),
(496, 5, 'Penha', -26.77, -48.65, '2021-11-20 14:57:20', '2021-11-20 14:57:20'),
(497, 5, 'Massaranduba', -26.6, -49.02, '2021-11-20 14:57:20', '2021-11-20 14:57:20'),
(498, 5, 'Guaramirim', -26.45, -49, '2021-11-20 14:57:20', '2021-11-20 14:57:20'),
(499, 5, 'Santo Amaro Da Imperatriz', -27.68, -48.77, '2021-11-20 14:57:20', '2021-11-20 14:57:20'),
(500, 5, 'Laurentino', -27.22, -49.73, '2021-11-20 14:57:20', '2021-11-20 14:57:20'),
(501, 5, 'Luzerna', -27.12, -51.47, '2021-11-20 14:57:20', '2021-11-20 14:57:20'),
(502, 5, 'Nova Veneza', -28.65, -49.5, '2021-11-20 14:57:20', '2021-11-20 14:57:20'),
(503, 5, 'Ipumirim', -27.08, -52.13, '2021-11-20 14:57:20', '2021-11-20 14:57:20'),
(504, 5, 'Içara', -28.7, -49.3, '2021-11-20 14:57:20', '2021-11-20 14:57:20'),
(505, 5, 'São Carlos', -27.07, -52.98, '2021-11-20 14:57:20', '2021-11-20 14:57:20'),
(506, 5, 'Cunha Porã', -26.9, -53.15, '2021-11-20 14:57:20', '2021-11-20 14:57:20'),
(507, 5, 'Braço Do Norte', -28.28, -49.18, '2021-11-20 14:57:20', '2021-11-20 14:57:20'),
(508, 5, 'São Francisco Do Sul', -26.23, -48.65, '2021-11-20 14:57:20', '2021-11-20 14:57:20'),
(509, 5, 'Seara', -27.12, -52.28, '2021-11-20 14:57:20', '2021-11-20 14:57:20'),
(510, 5, 'Cocal', -28.62, -49.35, '2021-11-20 14:57:20', '2021-11-20 14:57:20'),
(511, 5, 'Bombinhas', -27.15, -48.51, '2021-11-20 14:57:20', '2021-11-20 14:57:20'),
(512, 5, 'Garuva', -25.98, -48.88, '2021-11-20 14:57:20', '2021-11-20 14:57:20'),
(513, 5, 'Urubici', -28.03, -49.62, '2021-11-20 14:57:20', '2021-11-20 14:57:20'),
(514, 5, 'Mulde Central', -26.81, -49.22, '2021-11-20 14:57:20', '2021-11-20 14:57:20'),
(515, 5, 'Calmom', -26.6, -51.08, '2021-11-20 14:57:20', '2021-11-20 14:57:20'),
(516, 5, 'Pinheiro Prêto', -27.05, -51.2, '2021-11-20 14:57:20', '2021-11-20 14:57:20'),
(517, 5, 'São Bonifácio', -27.9, -48.93, '2021-11-20 14:57:20', '2021-11-20 14:57:20'),
(518, 5, 'Itaperiú', -26.58, -48.73, '2021-11-20 14:57:20', '2021-11-20 14:57:20'),
(519, 5, 'Rio Dos Cedros', -26.73, -49.27, '2021-11-20 14:57:20', '2021-11-20 14:57:20'),
(520, 5, 'Treze De Maio', -28.58, -49.17, '2021-11-20 14:57:20', '2021-11-20 14:57:20'),
(521, 5, 'Doutor Pedrinho', -26.74, -49.57, '2021-11-20 14:57:20', '2021-11-20 14:57:20'),
(522, 5, 'Rio Negrinho', -26.24, -49.5, '2021-11-20 14:57:20', '2021-11-20 14:57:20'),
(523, 5, 'Campos Novos', -27.4, -51.2, '2021-11-20 14:57:20', '2021-11-20 14:57:20'),
(524, 5, 'Balneário', -26.98, -48.63, '2021-11-20 14:57:20', '2021-11-20 14:57:20'),
(525, 5, 'Três Barras', -26.1, -50.32, '2021-11-20 14:57:20', '2021-11-20 14:57:20'),
(526, 5, 'Xaxim', -26.93, -52.52, '2021-11-20 14:57:20', '2021-11-20 14:57:20'),
(527, 5, 'Piçarras', -26.77, -48.67, '2021-11-20 14:57:20', '2021-11-20 14:57:20'),
(528, 5, 'Caieira', -27.42, -48.58, '2021-11-20 14:57:20', '2021-11-20 14:57:20'),
(529, 5, 'Descanso', -26.83, -53.58, '2021-11-20 14:57:20', '2021-11-20 14:57:20'),
(530, 5, 'Urussanga', -28.52, -49.32, '2021-11-20 14:57:20', '2021-11-20 14:57:20'),
(531, 5, 'São Joaquim', -28.3, -49.93, '2021-11-20 14:57:20', '2021-11-20 14:57:20'),
(532, 5, 'Grão Pará', -28.17, -49.22, '2021-11-20 14:57:20', '2021-11-20 14:57:20'),
(533, 5, 'Pouso Redondo', -27.25, -49.95, '2021-11-20 14:57:20', '2021-11-20 14:57:20'),
(534, 5, 'Arabutã', -27.17, -52.12, '2021-11-20 14:57:20', '2021-11-20 14:57:20'),
(535, 5, 'Sangão', -28.63, -49.13, '2021-11-20 14:57:20', '2021-11-20 14:57:20'),
(536, 5, 'Ituporanga', -27.42, -49.6, '2021-11-20 14:57:20', '2021-11-20 14:57:20'),
(537, 5, 'Arroio Do Silva', -28.98, -49.43, '2021-11-20 14:57:20', '2021-11-20 14:57:20'),
(538, 5, 'Sombrio', -29.12, -49.67, '2021-11-20 14:57:20', '2021-11-20 14:57:20'),
(539, 5, 'Faxinal Dos Guedes', -26.88, -52.23, '2021-11-20 14:57:20', '2021-11-20 14:57:20'),
(540, 5, 'Jaborá', -27.18, -51.73, '2021-11-20 14:57:20', '2021-11-20 14:57:20'),
(541, 5, 'Rodeio', -26.85, -49.33, '2021-11-20 14:57:20', '2021-11-20 14:57:20'),
(542, 5, 'Abdon Batista', -27.62, -50.98, '2021-11-20 14:57:20', '2021-11-20 14:57:20'),
(543, 5, 'Pinhalzinho', -26.8, -52.95, '2021-11-20 14:57:20', '2021-11-20 14:57:20'),
(544, 5, 'Ibicaré', -27.12, -51.4, '2021-11-20 14:57:20', '2021-11-20 14:57:20'),
(545, 5, 'Botuverá', -27.22, -49.08, '2021-11-20 14:57:20', '2021-11-20 14:57:20'),
(546, 5, 'Anitápolis', -27.9, -49.13, '2021-11-20 14:57:20', '2021-11-20 14:57:20'),
(547, 5, 'Corupá', -26.43, -49.23, '2021-11-20 14:57:20', '2021-11-20 14:57:20'),
(548, 5, 'Sao Miguel D\'oeste', -26.75, -53.57, '2021-11-20 14:57:20', '2021-11-20 14:57:20'),
(549, 5, 'Luiz Alves', -26.73, -48.95, '2021-11-20 14:57:20', '2021-11-20 14:57:20'),
(550, 5, 'São José Do Cerrito', -27.67, -50.58, '2021-11-20 14:57:20', '2021-11-20 14:57:20'),
(551, 5, 'Itapiranga', -27.13, -53.72, '2021-11-20 14:57:20', '2021-11-20 14:57:20'),
(552, 5, 'Mondaí', -27.08, -53.42, '2021-11-20 14:57:20', '2021-11-20 14:57:20'),
(553, 5, 'Forquilhas', -27.52, -48.78, '2021-11-20 14:57:20', '2021-11-20 14:57:20'),
(554, 5, 'Siderópolis', -28.58, -49.43, '2021-11-20 14:57:20', '2021-11-20 14:57:20'),
(555, 5, 'Dionísio Cerqueira', -26.25, -53.63, '2021-11-20 14:57:20', '2021-11-20 14:57:20'),
(556, 5, 'Barra Do Sul', -26.46, -48.6, '2021-11-20 14:57:20', '2021-11-20 14:57:20'),
(557, 5, 'Campo Alegre', -26.19, -49.25, '2021-11-20 14:57:20', '2021-11-20 14:57:20'),
(558, 5, 'Apiúna', -27.03, -49.42, '2021-11-20 14:57:20', '2021-11-20 14:57:20'),
(559, 5, 'Iporã', -26.98, -53.58, '2021-11-20 14:57:20', '2021-11-20 14:57:20'),
(560, 5, 'São Martinho', -28.17, -48.97, '2021-11-20 14:57:20', '2021-11-20 14:57:20'),
(561, 5, 'Pôrto União', -26.25, -51.08, '2021-11-20 14:57:20', '2021-11-20 14:57:20'),
(562, 5, 'Orleans', -28.35, -49.3, '2021-11-20 14:57:20', '2021-11-20 14:57:20'),
(563, 5, 'Celso Ramos', -27.62, -51.4, '2021-11-20 14:57:20', '2021-11-20 14:57:20'),
(564, 5, 'Trombudo Central', -27.3, -49.78, '2021-11-20 14:57:20', '2021-11-20 14:57:20'),
(565, 5, 'Canelinha', -27.28, -48.78, '2021-11-20 14:57:20', '2021-11-20 14:57:20'),
(566, 5, 'Morro Da Fumaça', -28.67, -49.2, '2021-11-20 14:57:20', '2021-11-20 14:57:20'),
(567, 5, 'Taió', -27.1, -49.98, '2021-11-20 14:57:20', '2021-11-20 14:57:20'),
(568, 5, 'Coronel Freitas', -26.93, -52.78, '2021-11-20 14:57:20', '2021-11-20 14:57:20'),
(569, 5, 'Bandeirante', -26.8, -53.63, '2021-11-20 14:57:20', '2021-11-20 14:57:20'),
(570, 5, 'Luís Alves', -26.73, -48.95, '2021-11-20 14:57:20', '2021-11-20 14:57:20'),
(571, 5, 'Meia Praia', -27.12, -48.61, '2021-11-20 14:57:20', '2021-11-20 14:57:20'),
(572, 5, 'Treze Tílias', -27, -51.4, '2021-11-20 14:57:20', '2021-11-20 14:57:20'),
(573, 5, 'Salto', -26.53, -48.83, '2021-11-20 14:57:20', '2021-11-20 14:57:20'),
(574, 5, 'Anchieta', -26.55, -53.28, '2021-11-20 14:57:20', '2021-11-20 14:57:20'),
(575, 5, 'Quilombo', -26.78, -52.75, '2021-11-20 14:57:20', '2021-11-20 14:57:20'),
(576, 5, 'Tangará', -27.13, -51.22, '2021-11-20 14:57:20', '2021-11-20 14:57:20'),
(577, 5, 'São Domingos', -26.57, -52.53, '2021-11-20 14:57:20', '2021-11-20 14:57:20'),
(578, 5, 'Erval Velho', -27.28, -51.43, '2021-11-20 14:57:20', '2021-11-20 14:57:20'),
(579, 5, 'Anita Garibaldi', -27.62, -51.08, '2021-11-20 14:57:20', '2021-11-20 14:57:20'),
(580, 5, 'Águas De Chapecó', -27.08, -52.98, '2021-11-20 14:57:20', '2021-11-20 14:57:20'),
(581, 5, 'Schroeder', -26.43, -49.07, '2021-11-20 14:57:20', '2021-11-20 14:57:20'),
(582, 5, 'Água Doce', -27, -51.55, '2021-11-20 14:57:20', '2021-11-20 14:57:20'),
(583, 5, 'Itá', -27.27, -52.32, '2021-11-20 14:57:20', '2021-11-20 14:57:20'),
(584, 5, 'Turvo', -28.93, -49.68, '2021-11-20 14:57:20', '2021-11-20 14:57:20'),
(585, 5, 'Cêrro Negro', -27.8, -50.88, '2021-11-20 14:57:20', '2021-11-20 14:57:20'),
(586, 5, 'Xapecó', -27.1, -52.6, '2021-11-20 14:57:20', '2021-11-20 14:57:20'),
(587, 5, 'Ascuria', -26.97, -49.37, '2021-11-20 14:57:20', '2021-11-20 14:57:20'),
(588, 5, 'Rio Sul', -27.22, -49.64, '2021-11-20 14:57:20', '2021-11-20 14:57:20'),
(589, 5, 'Witmarsum', -26.93, -49.79, '2021-11-20 14:57:20', '2021-11-20 14:57:20'),
(590, 5, '10 De Novembro', -27.03, -50.93, '2021-11-20 14:57:20', '2021-11-20 14:57:20'),
(591, 5, 'Aguti', -27.3, -49.15, '2021-11-20 14:57:20', '2021-11-20 14:57:20'),
(592, 5, 'Gravatal', -28.33, -49.03, '2021-11-20 14:57:20', '2021-11-20 14:57:20'),
(593, 5, 'São Pedro De Alcântara', -27.58, -48.8, '2021-11-20 14:57:20', '2021-11-20 14:57:20'),
(594, 5, 'São João Do Itaperiú', -26.61, -48.74, '2021-11-20 14:57:20', '2021-11-20 14:57:20'),
(595, 5, 'Itoupava Rega', -26.75, -49.08, '2021-11-20 14:57:20', '2021-11-20 14:57:20'),
(596, 5, 'Curral Das Minas', -26.99, -49.01, '2021-11-20 14:57:20', '2021-11-20 14:57:20'),
(597, 5, 'Itaiópolis', -26.33, -49.93, '2021-11-20 14:57:20', '2021-11-20 14:57:20'),
(598, 5, 'Guaporanga', -27.45, -48.63, '2021-11-20 14:57:20', '2021-11-20 14:57:20'),
(599, 5, 'Alto Atafona', -27.13, -49.51, '2021-11-20 14:57:20', '2021-11-20 14:57:20'),
(600, 5, 'Braço Do Trombudo', -27.35, -49.9, '2021-11-20 14:57:20', '2021-11-20 14:57:20'),
(601, 5, 'Ponte Alta De Cima', -27.13, -50.47, '2021-11-20 14:57:20', '2021-11-20 14:57:20'),
(602, 5, 'Guarujá', -26.43, -53.57, '2021-11-20 14:57:20', '2021-11-20 14:57:20');
INSERT INTO `cities` (`id`, `state_id`, `cityName`, `latitude`, `longitude`, `created_at`, `updated_at`) VALUES
(603, 5, 'Rancho Queimado', -27.68, -49.03, '2021-11-20 14:57:20', '2021-11-20 14:57:20'),
(604, 5, 'Correia Pinto', -27.58, -50.4, '2021-11-20 14:57:20', '2021-11-20 14:57:20'),
(605, 5, 'Guaraciaba', -26.58, -53.58, '2021-11-20 14:57:20', '2021-11-20 14:57:20'),
(606, 5, 'Araquari', -26.37, -48.72, '2021-11-20 14:57:20', '2021-11-20 14:57:20'),
(607, 5, 'Ponte Alta Do Norte', -27.13, -50.47, '2021-11-20 14:57:20', '2021-11-20 14:57:20'),
(608, 5, 'Treviso', -28.52, -49.47, '2021-11-20 14:57:20', '2021-11-20 14:57:20'),
(609, 5, 'Rio Das Antas', -26.5, -50.23, '2021-11-20 14:57:20', '2021-11-20 14:57:20'),
(610, 5, 'Vidal Ramos', -27.38, -49.37, '2021-11-20 14:57:20', '2021-11-20 14:57:20'),
(611, 5, 'Saudades', -26.95, -52.97, '2021-11-20 14:57:20', '2021-11-20 14:57:20'),
(612, 5, 'Meleiro', -28.83, -49.63, '2021-11-20 14:57:20', '2021-11-20 14:57:20'),
(613, 5, 'Paula', -26.22, -48.6, '2021-11-20 14:57:20', '2021-11-20 14:57:20'),
(614, 5, 'Rio Do Campo', -26.97, -50.15, '2021-11-20 14:57:20', '2021-11-20 14:57:20'),
(615, 5, 'Salete', -26.98, -50, '2021-11-20 14:57:20', '2021-11-20 14:57:20'),
(616, 5, 'Lebon Régis', -26.93, -50.7, '2021-11-20 14:57:20', '2021-11-20 14:57:20'),
(617, 5, 'Piratuba', -27.45, -51.8, '2021-11-20 14:57:20', '2021-11-20 14:57:20'),
(618, 5, 'Benedito Novo', -26.8, -49.42, '2021-11-20 14:57:20', '2021-11-20 14:57:20'),
(619, 5, 'Caxambu', -27.17, -52.87, '2021-11-20 14:57:20', '2021-11-20 14:57:20'),
(620, 5, 'Iraceminha', -26.83, -53.25, '2021-11-20 14:57:20', '2021-11-20 14:57:20'),
(621, 5, 'Campo Belo Do Sul', -27.9, -50.75, '2021-11-20 14:57:20', '2021-11-20 14:57:20'),
(622, 5, 'Fragosos', -26.16, -49.38, '2021-11-20 14:57:20', '2021-11-20 14:57:20'),
(623, 5, 'Ipuaçu', -26.57, -52.45, '2021-11-20 14:57:20', '2021-11-20 14:57:20'),
(624, 5, 'Santa Rosa', -29.13, -49.72, '2021-11-20 14:57:20', '2021-11-20 14:57:20'),
(625, 5, 'Ponte Serrada', -26.87, -51.97, '2021-11-20 14:57:20', '2021-11-20 14:57:20'),
(626, 5, 'José Boiteux', -26.96, -49.63, '2021-11-20 14:57:20', '2021-11-20 14:57:20'),
(627, 5, 'São João', -26.17, -50.15, '2021-11-20 14:57:20', '2021-11-20 14:57:20'),
(628, 5, 'Capão Alto', -27.93, -50.5, '2021-11-20 14:57:20', '2021-11-20 14:57:20'),
(629, 5, 'São José Do Cedro', -26.5, -53.5, '2021-11-20 14:57:20', '2021-11-20 14:57:20'),
(630, 5, 'Maracajá', -28.85, -49.47, '2021-11-20 14:57:20', '2021-11-20 14:57:20'),
(631, 5, 'Timbé', -28.82, -49.85, '2021-11-20 14:57:20', '2021-11-20 14:57:20'),
(632, 5, 'Mirim Doce', -27.2, -50.08, '2021-11-20 14:57:20', '2021-11-20 14:57:20'),
(633, 5, 'Antônio Carlos', -27.47, -48.85, '2021-11-20 14:57:20', '2021-11-20 14:57:20'),
(634, 5, 'Armazém', -28.27, -49.02, '2021-11-20 14:57:20', '2021-11-20 14:57:20'),
(635, 5, 'Bom Retiro', -27.12, -51.47, '2021-11-20 14:57:20', '2021-11-20 14:57:20'),
(636, 5, 'Campo Erê', -26.38, -53.05, '2021-11-20 14:57:20', '2021-11-20 14:57:20'),
(637, 5, 'Urupema', -27.95, -49.87, '2021-11-20 14:57:20', '2021-11-20 14:57:20'),
(638, 5, 'Balneário Camboriú', -26.98, -48.63, '2021-11-20 14:57:20', '2021-11-20 14:57:20'),
(639, 5, 'Xavantina', -27.08, -52.33, '2021-11-20 14:57:20', '2021-11-20 14:57:20'),
(640, 5, 'Ouro', -27.35, -51.68, '2021-11-20 14:57:20', '2021-11-20 14:57:20'),
(641, 5, 'Imarui', -28.35, -48.82, '2021-11-20 14:57:20', '2021-11-20 14:57:20'),
(642, 5, 'Erval d\'Oeste', -27.22, -51.57, '2021-11-20 14:57:20', '2021-11-20 14:57:20'),
(643, 5, 'Agronomica', -27.58, -48.54, '2021-11-20 14:57:20', '2021-11-20 14:57:20'),
(644, 5, 'Lontras', -27.17, -49.54, '2021-11-20 14:57:20', '2021-11-20 14:57:20'),
(645, 5, 'Frias', -26.23, -48.72, '2021-11-20 14:57:20', '2021-11-20 14:57:20'),
(646, 5, 'Pedras Grandes', -28.45, -49.18, '2021-11-20 14:57:20', '2021-11-20 14:57:20'),
(647, 5, 'Alto Bela Vista', -27.43, -51.87, '2021-11-20 14:57:20', '2021-11-20 14:57:20'),
(648, 5, 'Romelandia', -26.63, -53.32, '2021-11-20 14:57:20', '2021-11-20 14:57:20'),
(649, 5, 'Major', -27.42, -48.95, '2021-11-20 14:57:20', '2021-11-20 14:57:20'),
(650, 5, 'Fraiburgo', -27.03, -50.92, '2021-11-20 14:57:20', '2021-11-20 14:57:20'),
(651, 5, 'Rio Fortuna', -28.1, -49.12, '2021-11-20 14:57:20', '2021-11-20 14:57:20'),
(652, 5, 'Rio Rufino', -27.87, -49.78, '2021-11-20 14:57:20', '2021-11-20 14:57:20'),
(653, 5, 'Guatambu', -27.12, -52.75, '2021-11-20 14:57:20', '2021-11-20 14:57:20'),
(654, 5, 'Sao Lourenco dOeste', -26.4, -52.77, '2021-11-20 14:57:20', '2021-11-20 14:57:20'),
(655, 5, 'Alfredo Wagner', -27.7, -49.33, '2021-11-20 14:57:20', '2021-11-20 14:57:20'),
(656, 5, 'Lacerdopolis', -27.25, -51.57, '2021-11-20 14:57:20', '2021-11-20 14:57:20'),
(657, 5, 'Ipira', -27.43, -51.82, '2021-11-20 14:57:20', '2021-11-20 14:57:20'),
(658, 5, 'Painel', -27.92, -50.1, '2021-11-20 14:57:20', '2021-11-20 14:57:20'),
(659, 5, 'Angelina', -27.58, -48.98, '2021-11-20 14:57:20', '2021-11-20 14:57:20'),
(660, 5, 'Major Vieira', -26.32, -50.33, '2021-11-20 14:57:20', '2021-11-20 14:57:20'),
(661, 5, 'Marema', -26.83, -52.72, '2021-11-20 14:57:20', '2021-11-20 14:57:20'),
(662, 5, 'Itaqua', -27.3, -49.45, '2021-11-20 14:57:20', '2021-11-20 14:57:20'),
(663, 5, 'Guabiruba', -27.09, -48.97, '2021-11-20 14:57:20', '2021-11-20 14:57:20'),
(664, 5, 'Leoberto Leal', -27.51, -49.29, '2021-11-20 14:57:20', '2021-11-20 14:57:20'),
(665, 5, 'Monte Carlo', -27.22, -50.98, '2021-11-20 14:57:20', '2021-11-20 14:57:20'),
(666, 5, 'Sao Paulo', -27.63, -50.95, '2021-11-20 14:57:20', '2021-11-20 14:57:20'),
(667, 5, 'Brunopolis', -27.31, -50.87, '2021-11-20 14:57:20', '2021-11-20 14:57:20'),
(668, 5, 'Atalanta', -27.42, -49.78, '2021-11-20 14:57:20', '2021-11-20 14:57:20'),
(669, 5, 'Aguas Mornas', -27.69, -48.82, '2021-11-20 14:57:20', '2021-11-20 14:57:20'),
(670, 5, 'Jacinto Machado', -29, -49.77, '2021-11-20 14:57:20', '2021-11-20 14:57:20'),
(671, 5, 'Bateias de Baixo', -26.09, -49.26, '2021-11-20 14:57:20', '2021-11-20 14:57:20'),
(672, 5, 'Coronel Martins', -26.5, -52.65, '2021-11-20 14:57:20', '2021-11-20 14:57:20'),
(673, 5, 'Peritiba', -27.37, -51.9, '2021-11-20 14:57:20', '2021-11-20 14:57:20'),
(674, 5, 'Azambuja', -28.5, -49.22, '2021-11-20 14:57:20', '2021-11-20 14:57:20'),
(675, 5, 'Barra de Laguna', -28.5, -48.75, '2021-11-20 14:57:20', '2021-11-20 14:57:20'),
(676, 5, 'Kobrasol', -27.6, -48.61, '2021-11-20 14:57:20', '2021-11-20 14:57:20'),
(677, 5, 'Agrolandia', -27.41, -49.83, '2021-11-20 14:57:20', '2021-11-20 14:57:20'),
(678, 5, 'Governador Celso Ramos', -27.35, -48.53, '2021-11-20 14:57:20', '2021-11-20 14:57:20'),
(679, 5, 'Cunhatai', -26.97, -53.09, '2021-11-20 14:57:20', '2021-11-20 14:57:20'),
(680, 5, 'Sao Joao do Sul', -29.2, -50.03, '2021-11-20 14:57:20', '2021-11-20 14:57:20'),
(681, 5, 'Coracao', -26.93, -51.75, '2021-11-20 14:57:20', '2021-11-20 14:57:20'),
(682, 5, 'Balneario Arroio do Silva', -28.98, -49.41, '2021-11-20 14:57:20', '2021-11-20 14:57:20'),
(683, 5, 'Frei Rogerio', -27.18, -50.83, '2021-11-20 14:57:20', '2021-11-20 14:57:20'),
(684, 5, 'Galvao', -26.46, -52.69, '2021-11-20 14:57:20', '2021-11-20 14:57:20'),
(685, 5, 'Jardim', -26.7, -52.12, '2021-11-20 14:57:20', '2021-11-20 14:57:20'),
(686, 5, 'Vila Nova', -26.33, -50.78, '2021-11-20 14:57:20', '2021-11-20 14:57:20'),
(687, 5, 'Monte Castelo', -26.5, -50.18, '2021-11-20 14:57:20', '2021-11-20 14:57:20'),
(688, 5, 'Arroio Trinta', -26.87, -51.32, '2021-11-20 14:57:20', '2021-11-20 14:57:20'),
(689, 5, 'Pescaria Brava', -28.38, -48.88, '2021-11-20 14:57:20', '2021-11-20 14:57:20'),
(690, 5, 'Tunapolis', -26.97, -53.64, '2021-11-20 14:57:20', '2021-11-20 14:57:20'),
(691, 5, 'Alegre', -27, -49.99, '2021-11-20 14:57:20', '2021-11-20 14:57:20'),
(692, 5, 'Bairro Fortaleza', -26.87, -49.05, '2021-11-20 14:57:20', '2021-11-20 14:57:20'),
(693, 5, 'Matos Costa', -26.48, -51.16, '2021-11-20 14:57:20', '2021-11-20 14:57:20'),
(694, 5, 'Balneario Gaivota', -29.13, -49.61, '2021-11-20 14:57:20', '2021-11-20 14:57:20'),
(695, 5, 'Caibi', -27.07, -53.25, '2021-11-20 14:57:20', '2021-11-20 14:57:20'),
(696, 5, 'Serra Alta', -26.7, -53.01, '2021-11-20 14:57:20', '2021-11-20 14:57:20'),
(697, 5, 'Saltinho', -26.58, -53.03, '2021-11-20 14:57:20', '2021-11-20 14:57:20'),
(698, 5, 'Paraiso', -26.6, -53.65, '2021-11-20 14:57:20', '2021-11-20 14:57:20'),
(699, 5, 'Iraputa', -26.45, -50.02, '2021-11-20 14:57:20', '2021-11-20 14:57:20'),
(700, 5, 'Sao Sebastiao do Sul', -26.67, -50.7, '2021-11-20 14:57:20', '2021-11-20 14:57:20'),
(701, 5, 'Volta Grande', -26.87, -49.64, '2021-11-20 14:57:20', '2021-11-20 14:57:20');

-- --------------------------------------------------------

--
-- Table structure for table `countries`
--

CREATE TABLE `countries` (
  `id` bigint(20) UNSIGNED NOT NULL,
  `name` varchar(255) COLLATE utf8mb4_unicode_ci NOT NULL,
  `short_code` varchar(255) COLLATE utf8mb4_unicode_ci NOT NULL,
  `created_at` timestamp NULL DEFAULT NULL,
  `updated_at` timestamp NULL DEFAULT NULL
) ENGINE=InnoDB DEFAULT CHARSET=utf8mb4 COLLATE=utf8mb4_unicode_ci;

--
-- Dumping data for table `countries`
--

INSERT INTO `countries` (`id`, `name`, `short_code`, `created_at`, `updated_at`) VALUES
(1, 'Brazil', 'BR', NULL, NULL),
(2, 'China', 'CN', NULL, NULL),
(3, 'France', 'FR', NULL, NULL),
(4, 'India', 'IN', NULL, NULL),
(5, 'USA', 'US', NULL, NULL);

-- --------------------------------------------------------

--
-- Table structure for table `failed_jobs`
--

CREATE TABLE `failed_jobs` (
  `id` bigint(20) UNSIGNED NOT NULL,
  `uuid` varchar(255) COLLATE utf8mb4_unicode_ci NOT NULL,
  `connection` text COLLATE utf8mb4_unicode_ci NOT NULL,
  `queue` text COLLATE utf8mb4_unicode_ci NOT NULL,
  `payload` longtext COLLATE utf8mb4_unicode_ci NOT NULL,
  `exception` longtext COLLATE utf8mb4_unicode_ci NOT NULL,
  `failed_at` timestamp NOT NULL DEFAULT current_timestamp()
) ENGINE=InnoDB DEFAULT CHARSET=utf8mb4 COLLATE=utf8mb4_unicode_ci;

-- --------------------------------------------------------

--
-- Table structure for table `migrations`
--

CREATE TABLE `migrations` (
  `id` int(10) UNSIGNED NOT NULL,
  `migration` varchar(255) COLLATE utf8mb4_unicode_ci NOT NULL,
  `batch` int(11) NOT NULL
) ENGINE=InnoDB DEFAULT CHARSET=utf8mb4 COLLATE=utf8mb4_unicode_ci;

--
-- Dumping data for table `migrations`
--

INSERT INTO `migrations` (`id`, `migration`, `batch`) VALUES
(1, '2014_10_12_000000_create_users_table', 1),
(2, '2014_10_12_100000_create_password_resets_table', 1),
(3, '2019_08_19_000000_create_failed_jobs_table', 1),
(4, '2019_12_14_000001_create_personal_access_tokens_table', 1),
(5, '2021_11_18_195815_create_countries_table', 1),
(6, '2021_11_18_195850_create_states_table', 1),
(7, '2021_11_18_195905_create_cities_table', 1);

-- --------------------------------------------------------

--
-- Table structure for table `password_resets`
--

CREATE TABLE `password_resets` (
  `email` varchar(255) COLLATE utf8mb4_unicode_ci NOT NULL,
  `token` varchar(255) COLLATE utf8mb4_unicode_ci NOT NULL,
  `created_at` timestamp NULL DEFAULT NULL
) ENGINE=InnoDB DEFAULT CHARSET=utf8mb4 COLLATE=utf8mb4_unicode_ci;

-- --------------------------------------------------------

--
-- Table structure for table `personal_access_tokens`
--

CREATE TABLE `personal_access_tokens` (
  `id` bigint(20) UNSIGNED NOT NULL,
  `tokenable_type` varchar(255) COLLATE utf8mb4_unicode_ci NOT NULL,
  `tokenable_id` bigint(20) UNSIGNED NOT NULL,
  `name` varchar(255) COLLATE utf8mb4_unicode_ci NOT NULL,
  `token` varchar(64) COLLATE utf8mb4_unicode_ci NOT NULL,
  `abilities` text COLLATE utf8mb4_unicode_ci DEFAULT NULL,
  `last_used_at` timestamp NULL DEFAULT NULL,
  `created_at` timestamp NULL DEFAULT NULL,
  `updated_at` timestamp NULL DEFAULT NULL
) ENGINE=InnoDB DEFAULT CHARSET=utf8mb4 COLLATE=utf8mb4_unicode_ci;

-- --------------------------------------------------------

--
-- Table structure for table `states`
--

CREATE TABLE `states` (
  `id` bigint(20) UNSIGNED NOT NULL,
  `country_id` bigint(20) UNSIGNED NOT NULL,
  `state_name` varchar(255) COLLATE utf8mb4_unicode_ci NOT NULL,
  `latitude` double NOT NULL,
  `longitude` double NOT NULL,
  `created_at` timestamp NULL DEFAULT NULL,
  `updated_at` timestamp NULL DEFAULT NULL
) ENGINE=InnoDB DEFAULT CHARSET=utf8mb4 COLLATE=utf8mb4_unicode_ci;

--
-- Dumping data for table `states`
--

INSERT INTO `states` (`id`, `country_id`, `state_name`, `latitude`, `longitude`, `created_at`, `updated_at`) VALUES
(3, 1, 'Rio de Janeiro', -22.9, -43.23, '2021-11-18 21:14:46', '2021-11-18 21:14:46'),
(4, 1, 'Ceara', -3.32, -41.42, '2021-11-18 21:14:46', '2021-11-18 21:14:46'),
(5, 1, 'Santa Catarina', -26.48, -49.07, '2021-11-18 21:14:46', '2021-11-18 21:14:46'),
(6, 1, 'Espirito Santo', -20.12, -40.3, '2021-11-18 21:14:46', '2021-11-18 21:14:46'),
(7, 1, 'Bahia', -12.98, -38.52, '2021-11-18 21:14:46', '2021-11-18 21:14:46'),
(8, 1, 'Sao Paulo', -23.95, -46.33, '2021-11-18 21:14:46', '2021-11-18 21:14:46'),
(9, 1, 'Rio Grande do Sul', -30.03, -51.2, '2021-11-18 21:14:46', '2021-11-18 21:14:46'),
(10, 1, 'Minas Gerais', -19.92, -43.93, '2021-11-18 21:14:46', '2021-11-18 21:14:46'),
(11, 1, 'Para', -1.27, -48.18, '2021-11-18 21:14:46', '2021-11-18 21:14:46'),
(12, 1, 'Parana', -25.42, -49.25, '2021-11-18 21:14:46', '2021-11-18 21:14:46'),
(13, 1, 'Pernambuco', -8.05, -34.9, '2021-11-18 21:14:46', '2021-11-18 21:14:46'),
(14, 1, 'Amazonas', -3.11, -60.03, '2021-11-18 21:14:46', '2021-11-18 21:14:46'),
(15, 1, 'Distrito Federal', -15.78, -47.92, '2021-11-18 21:14:46', '2021-11-18 21:14:46'),
(16, 1, 'Goias', -15.93, -50.13, '2021-11-18 21:14:46', '2021-11-18 21:14:46'),
(17, 1, 'Sergipe', -11.27, -37.43, '2021-11-18 21:14:46', '2021-11-18 21:14:46'),
(18, 1, 'Mato Grosso do Sul', -22.22, -54.8, '2021-11-18 21:14:46', '2021-11-18 21:14:46'),
(19, 1, 'Rio Grande do Norte', -5.78, -35.22, '2021-11-18 21:14:46', '2021-11-18 21:14:46'),
(20, 1, 'Paraiba', -7.22, -35.88, '2021-11-18 21:14:46', '2021-11-18 21:14:46'),
(21, 1, 'Piaui', -5.08, -42.82, '2021-11-18 21:14:46', '2021-11-18 21:14:46'),
(22, 1, 'Maranhao', -2.52, -44.27, '2021-11-18 21:14:46', '2021-11-18 21:14:46'),
(23, 1, 'Mato Grosso', -15.58, -56.08, '2021-11-18 21:14:46', '2021-11-18 21:14:46'),
(24, 1, 'Alagoas', -9.67, -35.72, '2021-11-18 21:14:46', '2021-11-18 21:14:46'),
(25, 1, 'Tocantins', -10.22, -48.28, '2021-11-18 21:14:46', '2021-11-18 21:14:46'),
(26, 1, 'Roraima', 3.83, -60.22, '2021-11-18 21:14:46', '2021-11-18 21:14:46'),
(27, 1, 'Rondonia', -10.67, -62.3, '2021-11-18 21:14:46', '2021-11-18 21:14:46'),
(28, 1, 'Amapa', 0.03, -51.05, '2021-11-18 21:14:46', '2021-11-18 21:14:46'),
(29, 1, 'Acre', -9.97, -67.8, '2021-11-18 21:14:46', '2021-11-18 21:14:46'),
(30, 1, 'Federal District', -15.78, -47.92, '2021-11-18 21:14:46', '2021-11-18 21:14:46'),
(31, 2, 'Beijing', 39.93, 116.39, '2021-11-18 21:19:25', '2021-11-18 21:19:25'),
(32, 2, 'Hebei', 39.89, 115.28, '2021-11-18 21:19:25', '2021-11-18 21:19:25'),
(33, 2, 'Jiangsu', 32.06, 118.78, '2021-11-18 21:19:25', '2021-11-18 21:19:25'),
(34, 2, 'Guangdong', 23.12, 113.25, '2021-11-18 21:19:25', '2021-11-18 21:19:25'),
(35, 2, 'Zhejiang', 28.02, 120.65, '2021-11-18 21:19:25', '2021-11-18 21:19:25'),
(36, 2, 'Liaoning', 41.79, 123.43, '2021-11-18 21:19:25', '2021-11-18 21:19:25'),
(37, 2, 'Shanghai', 31, 121.41, '2021-11-18 21:19:25', '2021-11-18 21:19:25'),
(38, 2, 'Tianjin', 39.14, 117.18, '2021-11-18 21:19:25', '2021-11-18 21:19:25'),
(39, 2, 'Fujian', 24.47, 118.09, '2021-11-18 21:19:25', '2021-11-18 21:19:25'),
(40, 2, 'Guangxi', 22.82, 108.32, '2021-11-18 21:19:25', '2021-11-18 21:19:25'),
(41, 2, 'Shandong', 37.26, 117.08, '2021-11-18 21:19:25', '2021-11-18 21:19:25'),
(42, 2, 'Chongqing', 29.56, 106.55, '2021-11-18 21:19:25', '2021-11-18 21:19:25'),
(43, 2, 'Hubei', 30.58, 114.27, '2021-11-18 21:19:25', '2021-11-18 21:19:25'),
(44, 2, 'Heilongjiang', 45.75, 126.65, '2021-11-18 21:19:25', '2021-11-18 21:19:25'),
(45, 2, 'Shanxi', 37.9, 112.19, '2021-11-18 21:19:25', '2021-11-18 21:19:25'),
(46, 2, 'Hunan', 26.97, 109.77, '2021-11-18 21:19:25', '2021-11-18 21:19:25'),
(47, 2, 'Hainan', 19.14, 110.48, '2021-11-18 21:19:25', '2021-11-18 21:19:25'),
(48, 2, 'Sichuan', 30.67, 104.07, '2021-11-18 21:19:25', '2021-11-18 21:19:25'),
(49, 2, 'Henan', 34.22, 113.77, '2021-11-18 21:19:25', '2021-11-18 21:19:25'),
(50, 2, 'Anhui', 31.86, 117.28, '2021-11-18 21:19:25', '2021-11-18 21:19:25'),
(51, 2, 'Shaanxi', 34.26, 108.94, '2021-11-18 21:19:25', '2021-11-18 21:19:25'),
(52, 2, 'Nei Mongol', 49.2, 119.7, '2021-11-18 21:19:25', '2021-11-18 21:19:25'),
(53, 2, 'Jilin', 43.88, 125.32, '2021-11-18 21:19:25', '2021-11-18 21:19:25'),
(54, 2, 'Guizhou', 26.58, 106.72, '2021-11-18 21:19:25', '2021-11-18 21:19:25'),
(55, 2, 'Yunnan', 25.04, 102.72, '2021-11-18 21:19:25', '2021-11-18 21:19:25'),
(56, 2, 'Jiangxi', 28.55, 115.93, '2021-11-18 21:19:25', '2021-11-18 21:19:25'),
(57, 2, 'Gansu', 36.06, 103.79, '2021-11-18 21:19:25', '2021-11-18 21:19:25'),
(58, 2, 'Xizang', 29.65, 91.1, '2021-11-18 21:19:25', '2021-11-18 21:19:25'),
(59, 2, 'Ningxia', 38.47, 106.27, '2021-11-18 21:19:25', '2021-11-18 21:19:25'),
(60, 2, 'Xinjiang', 43.8, 87.58, '2021-11-18 21:19:25', '2021-11-18 21:19:25'),
(61, 2, 'Qinghai', 36.5, 101.6, '2021-11-18 21:19:25', '2021-11-18 21:19:25'),
(62, 2, 'Shandong Sheng', 36.67, 117, '2021-11-18 21:19:25', '2021-11-18 21:19:25'),
(63, 2, 'Henan Sheng', 34.68, 113.53, '2021-11-18 21:19:25', '2021-11-18 21:19:25'),
(64, 2, 'Shanghai Shi', 31.05, 121.4, '2021-11-18 21:19:25', '2021-11-18 21:19:25'),
(65, 2, 'Zhejiang Sheng', 28, 120.67, '2021-11-18 21:19:25', '2021-11-18 21:19:25'),
(66, 2, 'Sichuan Sheng', 30.67, 104.07, '2021-11-18 21:19:25', '2021-11-18 21:19:25'),
(67, 2, 'Tianjin Shi', 39.14, 117.18, '2021-11-18 21:19:25', '2021-11-18 21:19:25'),
(68, 2, 'Guangxi Zhuangzu Zizhiqu', 22.82, 108.32, '2021-11-18 21:19:25', '2021-11-18 21:19:25'),
(69, 2, 'Beijing Shi', 39.93, 116.39, '2021-11-18 21:19:25', '2021-11-18 21:19:25'),
(70, 2, 'Jiangsu Sheng', 32.06, 118.78, '2021-11-18 21:19:25', '2021-11-18 21:19:25'),
(71, 2, 'Jilin Sheng', 43.88, 125.32, '2021-11-18 21:19:25', '2021-11-18 21:19:25'),
(72, 2, 'Heilongjiang Sheng', 45.75, 126.65, '2021-11-18 21:19:25', '2021-11-18 21:19:25'),
(73, 2, 'Anhui Sheng', 31.86, 117.28, '2021-11-18 21:19:25', '2021-11-18 21:19:25'),
(74, 2, 'Jiangxi Sheng', 26.89, 114.53, '2021-11-18 21:19:25', '2021-11-18 21:19:25'),
(75, 2, 'Chongqing Shi', 29.56, 106.55, '2021-11-18 21:19:25', '2021-11-18 21:19:25'),
(76, 2, 'Shanxi Sheng', 38, 112.58, '2021-11-18 21:19:25', '2021-11-18 21:19:25'),
(77, 2, 'Guizhou Sheng', 26.58, 106.72, '2021-11-18 21:19:25', '2021-11-18 21:19:25'),
(78, 2, 'Gansu Sheng', 36.06, 103.79, '2021-11-18 21:19:25', '2021-11-18 21:19:25'),
(79, 2, 'Inner Mongolia', 40.65, 109.82, '2021-11-18 21:19:25', '2021-11-18 21:19:25'),
(80, 2, 'Xinjiang Uygur Zizhiqu', 43.8, 87.6, '2021-11-18 21:19:25', '2021-11-18 21:19:25'),
(81, 2, 'Tibet Autonomous Region', 29.65, 91.1, '2021-11-18 21:19:25', '2021-11-18 21:19:25'),
(82, 2, 'Qinghai Sheng', 36.62, 101.77, '2021-11-18 21:19:25', '2021-11-18 21:19:25'),
(83, 2, 'Guangxi Zhuang Autonomous Region', 22.82, 108.32, '2021-11-18 21:19:25', '2021-11-18 21:19:25'),
(84, 2, 'Xinjiang Uyghur Autonomous Region', 43.8, 87.6, '2021-11-18 21:19:25', '2021-11-18 21:19:25'),
(85, 2, 'Inner Mongolia Autonomous Region', 40.65, 109.82, '2021-11-18 21:19:25', '2021-11-18 21:19:25'),
(86, 2, 'Ningsia Hui Autonomous Region', 38.47, 106.27, '2021-11-18 21:19:25', '2021-11-18 21:19:25'),
(87, 2, 'Tibet', 29.65, 91.1, '2021-11-18 21:19:25', '2021-11-18 21:19:25'),
(88, 3, 'Beijing', 39.93, 116.39, '2021-11-18 21:21:43', '2021-11-18 21:21:43'),
(89, 3, 'Hebei', 39.89, 115.28, '2021-11-18 21:21:43', '2021-11-18 21:21:43'),
(90, 3, 'Jiangsu', 32.06, 118.78, '2021-11-18 21:21:43', '2021-11-18 21:21:43'),
(91, 3, 'Guangdong', 23.12, 113.25, '2021-11-18 21:21:43', '2021-11-18 21:21:43'),
(92, 3, 'Zhejiang', 28.02, 120.65, '2021-11-18 21:21:43', '2021-11-18 21:21:43'),
(93, 3, 'Liaoning', 41.79, 123.43, '2021-11-18 21:21:43', '2021-11-18 21:21:43'),
(94, 3, 'Shanghai', 31, 121.41, '2021-11-18 21:21:43', '2021-11-18 21:21:43'),
(95, 3, 'Tianjin', 39.14, 117.18, '2021-11-18 21:21:43', '2021-11-18 21:21:43'),
(96, 3, 'Fujian', 24.47, 118.09, '2021-11-18 21:21:43', '2021-11-18 21:21:43'),
(97, 3, 'Guangxi', 22.82, 108.32, '2021-11-18 21:21:43', '2021-11-18 21:21:43'),
(98, 3, 'Shandong', 37.26, 117.08, '2021-11-18 21:21:43', '2021-11-18 21:21:43'),
(99, 3, 'Chongqing', 29.56, 106.55, '2021-11-18 21:21:43', '2021-11-18 21:21:43'),
(100, 3, 'Hubei', 30.58, 114.27, '2021-11-18 21:21:43', '2021-11-18 21:21:43'),
(101, 3, 'Heilongjiang', 45.75, 126.65, '2021-11-18 21:21:43', '2021-11-18 21:21:43'),
(102, 3, 'Shanxi', 37.9, 112.19, '2021-11-18 21:21:43', '2021-11-18 21:21:43'),
(103, 3, 'Hunan', 26.97, 109.77, '2021-11-18 21:21:43', '2021-11-18 21:21:43'),
(104, 3, 'Hainan', 19.14, 110.48, '2021-11-18 21:21:43', '2021-11-18 21:21:43'),
(105, 3, 'Sichuan', 30.67, 104.07, '2021-11-18 21:21:43', '2021-11-18 21:21:43'),
(106, 3, 'Henan', 34.22, 113.77, '2021-11-18 21:21:43', '2021-11-18 21:21:43'),
(107, 3, 'Anhui', 31.86, 117.28, '2021-11-18 21:21:43', '2021-11-18 21:21:43'),
(108, 3, 'Shaanxi', 34.26, 108.94, '2021-11-18 21:21:43', '2021-11-18 21:21:43'),
(109, 3, 'Nei Mongol', 49.2, 119.7, '2021-11-18 21:21:43', '2021-11-18 21:21:43'),
(110, 3, 'Jilin', 43.88, 125.32, '2021-11-18 21:21:43', '2021-11-18 21:21:43'),
(111, 3, 'Guizhou', 26.58, 106.72, '2021-11-18 21:21:43', '2021-11-18 21:21:43'),
(112, 3, 'Yunnan', 25.04, 102.72, '2021-11-18 21:21:43', '2021-11-18 21:21:43'),
(113, 3, 'Jiangxi', 28.55, 115.93, '2021-11-18 21:21:43', '2021-11-18 21:21:43'),
(114, 3, 'Gansu', 36.06, 103.79, '2021-11-18 21:21:43', '2021-11-18 21:21:43'),
(115, 3, 'Xizang', 29.65, 91.1, '2021-11-18 21:21:43', '2021-11-18 21:21:43'),
(116, 3, 'Ningxia', 38.47, 106.27, '2021-11-18 21:21:43', '2021-11-18 21:21:43'),
(117, 3, 'Xinjiang', 43.8, 87.58, '2021-11-18 21:21:43', '2021-11-18 21:21:43'),
(118, 3, 'Qinghai', 36.5, 101.6, '2021-11-18 21:21:43', '2021-11-18 21:21:43'),
(119, 3, 'Shandong Sheng', 36.67, 117, '2021-11-18 21:21:43', '2021-11-18 21:21:43'),
(120, 3, 'Henan Sheng', 34.68, 113.53, '2021-11-18 21:21:43', '2021-11-18 21:21:43'),
(121, 3, 'Shanghai Shi', 31.05, 121.4, '2021-11-18 21:21:43', '2021-11-18 21:21:43'),
(122, 3, 'Zhejiang Sheng', 28, 120.67, '2021-11-18 21:21:43', '2021-11-18 21:21:43'),
(123, 3, 'Sichuan Sheng', 30.67, 104.07, '2021-11-18 21:21:43', '2021-11-18 21:21:43'),
(124, 3, 'Tianjin Shi', 39.14, 117.18, '2021-11-18 21:21:43', '2021-11-18 21:21:43'),
(125, 3, 'Guangxi Zhuangzu Zizhiqu', 22.82, 108.32, '2021-11-18 21:21:43', '2021-11-18 21:21:43'),
(126, 3, 'Beijing Shi', 39.93, 116.39, '2021-11-18 21:21:43', '2021-11-18 21:21:43'),
(127, 3, 'Jiangsu Sheng', 32.06, 118.78, '2021-11-18 21:21:43', '2021-11-18 21:21:43'),
(128, 3, 'Jilin Sheng', 43.88, 125.32, '2021-11-18 21:21:43', '2021-11-18 21:21:43'),
(129, 3, 'Heilongjiang Sheng', 45.75, 126.65, '2021-11-18 21:21:43', '2021-11-18 21:21:43'),
(130, 3, 'Anhui Sheng', 31.86, 117.28, '2021-11-18 21:21:43', '2021-11-18 21:21:43'),
(131, 3, 'Jiangxi Sheng', 26.89, 114.53, '2021-11-18 21:21:43', '2021-11-18 21:21:43'),
(132, 3, 'Chongqing Shi', 29.56, 106.55, '2021-11-18 21:21:43', '2021-11-18 21:21:43'),
(133, 3, 'Shanxi Sheng', 38, 112.58, '2021-11-18 21:21:43', '2021-11-18 21:21:43'),
(134, 3, 'Guizhou Sheng', 26.58, 106.72, '2021-11-18 21:21:43', '2021-11-18 21:21:43'),
(135, 3, 'Gansu Sheng', 36.06, 103.79, '2021-11-18 21:21:43', '2021-11-18 21:21:43'),
(136, 3, 'Inner Mongolia', 40.65, 109.82, '2021-11-18 21:21:43', '2021-11-18 21:21:43'),
(137, 3, 'Xinjiang Uygur Zizhiqu', 43.8, 87.6, '2021-11-18 21:21:43', '2021-11-18 21:21:43'),
(138, 3, 'Tibet Autonomous Region', 29.65, 91.1, '2021-11-18 21:21:43', '2021-11-18 21:21:43'),
(139, 3, 'Qinghai Sheng', 36.62, 101.77, '2021-11-18 21:21:43', '2021-11-18 21:21:43'),
(140, 3, 'Guangxi Zhuang Autonomous Region', 22.82, 108.32, '2021-11-18 21:21:43', '2021-11-18 21:21:43'),
(141, 3, 'Xinjiang Uyghur Autonomous Region', 43.8, 87.6, '2021-11-18 21:21:43', '2021-11-18 21:21:43'),
(142, 3, 'Inner Mongolia Autonomous Region', 40.65, 109.82, '2021-11-18 21:21:43', '2021-11-18 21:21:43'),
(143, 3, 'Ningsia Hui Autonomous Region', 38.47, 106.27, '2021-11-18 21:21:43', '2021-11-18 21:21:43'),
(144, 3, 'Tibet', 29.65, 91.1, '2021-11-18 21:21:43', '2021-11-18 21:21:43'),
(145, 4, 'Haryana', 28.47, 77.03, '2021-11-18 21:24:25', '2021-11-18 21:24:25'),
(146, 4, 'Andhra Pradesh', 17.38, 78.47, '2021-11-18 21:24:25', '2021-11-18 21:24:25'),
(147, 4, 'Delhi', 28.67, 77.22, '2021-11-18 21:24:25', '2021-11-18 21:24:25'),
(148, 4, 'Tamil Nadu', 13.08, 80.28, '2021-11-18 21:24:25', '2021-11-18 21:24:25'),
(149, 4, 'Uttar Pradesh', 27.18, 78.02, '2021-11-18 21:24:25', '2021-11-18 21:24:25'),
(150, 4, 'Karnataka', 12.98, 77.58, '2021-11-18 21:24:25', '2021-11-18 21:24:25'),
(151, 4, 'Maharashtra', 18.98, 72.83, '2021-11-18 21:24:25', '2021-11-18 21:24:25'),
(152, 4, 'Kerala', 8.51, 76.96, '2021-11-18 21:24:25', '2021-11-18 21:24:25'),
(153, 4, 'Chhattisgarh', 21.18, 81.28, '2021-11-18 21:24:25', '2021-11-18 21:24:25'),
(154, 4, 'West Bengal', 22.57, 88.37, '2021-11-18 21:24:25', '2021-11-18 21:24:25'),
(155, 4, 'Madhya Pradesh', 22.72, 75.83, '2021-11-18 21:24:25', '2021-11-18 21:24:25'),
(156, 4, 'Gujarat', 23.03, 72.62, '2021-11-18 21:24:25', '2021-11-18 21:24:25'),
(157, 4, 'Rajasthan', 26.92, 75.82, '2021-11-18 21:24:25', '2021-11-18 21:24:25'),
(158, 4, 'Orissa', 20.5, 85.83, '2021-11-18 21:24:25', '2021-11-18 21:24:25'),
(159, 4, 'Jharkhand', 23.35, 85.33, '2021-11-18 21:24:25', '2021-11-18 21:24:25'),
(160, 4, 'Chandigarh', 30.74, 76.79, '2021-11-18 21:24:25', '2021-11-18 21:24:25'),
(161, 4, 'Punjab', 30.9, 75.85, '2021-11-18 21:24:25', '2021-11-18 21:24:25'),
(162, 4, 'Assam', 24.82, 92.8, '2021-11-18 21:24:25', '2021-11-18 21:24:25'),
(163, 4, 'Daman and Diu', 20.37, 72.9, '2021-11-18 21:24:25', '2021-11-18 21:24:25'),
(164, 4, 'Bihar', 25.6, 85.12, '2021-11-18 21:24:25', '2021-11-18 21:24:25'),
(165, 4, 'Himachal Pradesh', 31.1, 77.17, '2021-11-18 21:24:25', '2021-11-18 21:24:25'),
(166, 4, 'Uttarakhand', 30.32, 78.03, '2021-11-18 21:24:25', '2021-11-18 21:24:25'),
(167, 4, 'Meghalaya', 25.58, 91.87, '2021-11-18 21:24:25', '2021-11-18 21:24:25'),
(168, 4, 'Jammu and Kashmir', 33.8, 74.26, '2021-11-18 21:24:25', '2021-11-18 21:24:25'),
(169, 4, 'Goa', 15.27, 73.92, '2021-11-18 21:24:25', '2021-11-18 21:24:25'),
(170, 4, 'Puducherry', 11.93, 79.83, '2021-11-18 21:24:25', '2021-11-18 21:24:25'),
(171, 4, 'Manipur', 24.82, 93.95, '2021-11-18 21:24:25', '2021-11-18 21:24:25'),
(172, 4, 'Mizoram', 23.72, 92.72, '2021-11-18 21:24:25', '2021-11-18 21:24:25'),
(173, 4, 'Dadra and Nagar Haveli', 20.27, 73.02, '2021-11-18 21:24:25', '2021-11-18 21:24:25'),
(174, 4, 'Arunachal Pradesh', 27.57, 93.85, '2021-11-18 21:24:25', '2021-11-18 21:24:25'),
(175, 4, 'Tripura', 23.84, 91.28, '2021-11-18 21:24:25', '2021-11-18 21:24:25'),
(176, 4, 'Sikkim', 27.33, 88.62, '2021-11-18 21:24:25', '2021-11-18 21:24:25'),
(177, 4, 'Nagaland', 25.67, 94.12, '2021-11-18 21:24:25', '2021-11-18 21:24:25'),
(178, 4, 'Andaman and Nicobar Islands', 11.67, 92.75, '2021-11-18 21:24:25', '2021-11-18 21:24:25'),
(179, 4, 'State of Gujarat', 21.77, 72.15, '2021-11-18 21:24:25', '2021-11-18 21:24:25'),
(180, 4, 'National Capital Territory of Delhi', 28.6, 77.2, '2021-11-18 21:24:25', '2021-11-18 21:24:25'),
(181, 4, 'Odisha', 21.45, 83.97, '2021-11-18 21:24:25', '2021-11-18 21:24:25'),
(182, 4, 'Telangana', 17.38, 78.47, '2021-11-18 21:24:25', '2021-11-18 21:24:25'),
(183, 4, 'State of Andhra Pradesh', 17.38, 78.47, '2021-11-18 21:24:25', '2021-11-18 21:24:25'),
(184, 4, 'State of Punjab', 31.33, 75.58, '2021-11-18 21:24:25', '2021-11-18 21:24:25'),
(185, 4, 'State of Himachal Pradesh', 33.03, 76.45, '2021-11-18 21:24:25', '2021-11-18 21:24:25'),
(186, 4, 'Kashmir', 33.8, 74.26, '2021-11-18 21:24:25', '2021-11-18 21:24:25'),
(187, 4, 'State of Chhattisgarh', 20.58, 80.73, '2021-11-18 21:24:25', '2021-11-18 21:24:25'),
(188, 4, 'State of Jharkhand', 23.35, 85.33, '2021-11-18 21:24:25', '2021-11-18 21:24:25'),
(189, 4, 'State of Rājasthān', 26.92, 75.82, '2021-11-18 21:24:25', '2021-11-18 21:24:25'),
(190, 4, 'State of Assam', 26.18, 91.73, '2021-11-18 21:24:25', '2021-11-18 21:24:25'),
(191, 4, 'Union Territory of Puducherry', 10.92, 79.83, '2021-11-18 21:24:25', '2021-11-18 21:24:25'),
(192, 4, 'State of Tripura', 23.84, 91.28, '2021-11-18 21:24:25', '2021-11-18 21:24:25'),
(193, 4, 'Laccadives', 10.57, 72.62, '2021-11-18 21:24:25', '2021-11-18 21:24:25'),
(194, 4, 'Andaman and Nicobar', 11.67, 92.75, '2021-11-18 21:24:25', '2021-11-18 21:24:25'),
(195, 5, 'California', 37.42, -122.06, '2021-11-18 21:26:08', '2021-11-18 21:26:08'),
(196, 5, 'Iowa', 43.03, -96.09, '2021-11-18 21:26:08', '2021-11-18 21:26:08'),
(197, 5, 'New York', 40.76, -73.97, '2021-11-18 21:26:08', '2021-11-18 21:26:08'),
(198, 5, 'New Jersey', 39.82, -75.13, '2021-11-18 21:26:08', '2021-11-18 21:26:08'),
(199, 5, 'Massachusetts', 42.56, -72.18, '2021-11-18 21:26:08', '2021-11-18 21:26:08'),
(200, 5, 'Connecticut', 41.14, -73.26, '2021-11-18 21:26:08', '2021-11-18 21:26:08'),
(201, 5, 'Florida', 28.05, -82.36, '2021-11-18 21:26:08', '2021-11-18 21:26:08'),
(202, 5, 'Texas', 30.27, -97.74, '2021-11-18 21:26:08', '2021-11-18 21:26:08'),
(203, 5, 'Armed Forces US', 31.53, -110.36, '2021-11-18 21:26:08', '2021-11-18 21:26:08'),
(204, 5, 'Tennessee', 35.04, -89.93, '2021-11-18 21:26:08', '2021-11-18 21:26:08'),
(205, 5, 'Kentucky', 39.02, -84.56, '2021-11-18 21:26:08', '2021-11-18 21:26:08'),
(206, 5, 'Georgia', 33.84, -84.38, '2021-11-18 21:26:08', '2021-11-18 21:26:08'),
(207, 5, 'Illinois', 42.05, -88.05, '2021-11-18 21:26:08', '2021-11-18 21:26:08'),
(208, 5, 'Colorado', 39.74, -104.98, '2021-11-18 21:26:08', '2021-11-18 21:26:08'),
(209, 5, 'Utah', 40.76, -111.89, '2021-11-18 21:26:08', '2021-11-18 21:26:08'),
(210, 5, 'Maryland', 39.1, -76.88, '2021-11-18 21:26:08', '2021-11-18 21:26:08'),
(211, 5, 'South Carolina', 33.92, -80.34, '2021-11-18 21:26:08', '2021-11-18 21:26:08'),
(212, 5, 'Montana', 45.77, -110.93, '2021-11-18 21:26:08', '2021-11-18 21:26:08'),
(213, 5, 'Louisiana', 29.91, -90.05, '2021-11-18 21:26:08', '2021-11-18 21:26:08'),
(214, 5, 'Washington', 47.09, -122.65, '2021-11-18 21:26:08', '2021-11-18 21:26:08'),
(215, 5, 'Pennsylvania', 40.45, -79.99, '2021-11-18 21:26:08', '2021-11-18 21:26:08'),
(216, 5, 'North Carolina', 35.75, -78.72, '2021-11-18 21:26:08', '2021-11-18 21:26:08'),
(217, 5, 'Michigan', 43.93, -86.26, '2021-11-18 21:26:08', '2021-11-18 21:26:08'),
(218, 5, 'Arkansas', 36.19, -94.24, '2021-11-18 21:26:08', '2021-11-18 21:26:08'),
(219, 5, 'Wisconsin', 44.63, -90.2, '2021-11-18 21:26:08', '2021-11-18 21:26:08'),
(220, 5, 'Ohio', 39.11, -84.5, '2021-11-18 21:26:08', '2021-11-18 21:26:08'),
(221, 5, 'New Mexico', 35.78, -105.87, '2021-11-18 21:26:08', '2021-11-18 21:26:08'),
(222, 5, 'Kansas', 37.69, -97.34, '2021-11-18 21:26:08', '2021-11-18 21:26:08'),
(223, 5, 'Oregon', 45.44, -122.97, '2021-11-18 21:26:08', '2021-11-18 21:26:08'),
(224, 5, 'Nebraska', 41.11, -95.93, '2021-11-18 21:26:08', '2021-11-18 21:26:08'),
(225, 5, 'West Virginia', 39.46, -77.95, '2021-11-18 21:26:08', '2021-11-18 21:26:08'),
(226, 5, 'Virginia', 37.13, -76.45, '2021-11-18 21:26:08', '2021-11-18 21:26:08'),
(227, 5, 'Missouri', 38.25, -94.31, '2021-11-18 21:26:08', '2021-11-18 21:26:08'),
(228, 5, 'Mississippi', 32.37, -90.11, '2021-11-18 21:26:08', '2021-11-18 21:26:08'),
(229, 5, 'Rhode Island', 41.82, -71.41, '2021-11-18 21:26:08', '2021-11-18 21:26:08'),
(230, 5, 'Indiana', 39.79, -86.17, '2021-11-18 21:26:08', '2021-11-18 21:26:08'),
(231, 5, 'Oklahoma', 34.66, -98.48, '2021-11-18 21:26:08', '2021-11-18 21:26:08'),
(232, 5, 'Minnesota', 44.98, -93.27, '2021-11-18 21:26:08', '2021-11-18 21:26:08'),
(233, 5, 'Alabama', 33.8, -87.28, '2021-11-18 21:26:08', '2021-11-18 21:26:08'),
(234, 5, 'Arizona', 33.46, -111.99, '2021-11-18 21:26:08', '2021-11-18 21:26:08'),
(235, 5, 'South Dakota', 43.72, -98.03, '2021-11-18 21:26:08', '2021-11-18 21:26:08'),
(236, 5, 'Nevada', 36.17, -115.28, '2021-11-18 21:26:08', '2021-11-18 21:26:08'),
(237, 5, 'New Hampshire', 42.87, -71.39, '2021-11-18 21:26:08', '2021-11-18 21:26:08'),
(238, 5, 'Maine', 44.08, -70.17, '2021-11-18 21:26:08', '2021-11-18 21:26:08'),
(239, 5, 'Hawaii', 21.3, -157.79, '2021-11-18 21:26:08', '2021-11-18 21:26:08'),
(240, 5, 'District of Columbia', 38.9, -77.04, '2021-11-18 21:26:08', '2021-11-18 21:26:08'),
(241, 5, 'Delaware', 39.62, -75.7, '2021-11-18 21:26:08', '2021-11-18 21:26:08'),
(242, 5, 'Idaho', 48.39, -116.89, '2021-11-18 21:26:08', '2021-11-18 21:26:08'),
(243, 5, 'Wyoming', 44.78, -107.55, '2021-11-18 21:26:08', '2021-11-18 21:26:08'),
(244, 5, 'North Dakota', 46.96, -97.68, '2021-11-18 21:26:08', '2021-11-18 21:26:08'),
(245, 5, 'Vermont', 44.49, -73.23, '2021-11-18 21:26:08', '2021-11-18 21:26:08'),
(246, 5, 'Alaska', 61.52, -149.57, '2021-11-18 21:26:08', '2021-11-18 21:26:08'),
(247, 5, 'Guangdong', 37.75, -97.82, '2021-11-18 21:26:08', '2021-11-18 21:26:08');

-- --------------------------------------------------------

--
-- Table structure for table `users`
--

CREATE TABLE `users` (
  `id` bigint(20) UNSIGNED NOT NULL,
  `name` varchar(255) COLLATE utf8mb4_unicode_ci NOT NULL,
  `email` varchar(255) COLLATE utf8mb4_unicode_ci NOT NULL,
  `email_verified_at` timestamp NULL DEFAULT NULL,
  `password` varchar(255) COLLATE utf8mb4_unicode_ci NOT NULL,
  `remember_token` varchar(100) COLLATE utf8mb4_unicode_ci DEFAULT NULL,
  `created_at` timestamp NULL DEFAULT NULL,
  `updated_at` timestamp NULL DEFAULT NULL
) ENGINE=InnoDB DEFAULT CHARSET=utf8mb4 COLLATE=utf8mb4_unicode_ci;

--
-- Indexes for dumped tables
--

--
-- Indexes for table `cities`
--
ALTER TABLE `cities`
  ADD PRIMARY KEY (`id`),
  ADD KEY `cities_state_id_foreign` (`state_id`);

--
-- Indexes for table `countries`
--
ALTER TABLE `countries`
  ADD PRIMARY KEY (`id`);

--
-- Indexes for table `failed_jobs`
--
ALTER TABLE `failed_jobs`
  ADD PRIMARY KEY (`id`),
  ADD UNIQUE KEY `failed_jobs_uuid_unique` (`uuid`);

--
-- Indexes for table `migrations`
--
ALTER TABLE `migrations`
  ADD PRIMARY KEY (`id`);

--
-- Indexes for table `password_resets`
--
ALTER TABLE `password_resets`
  ADD KEY `password_resets_email_index` (`email`);

--
-- Indexes for table `personal_access_tokens`
--
ALTER TABLE `personal_access_tokens`
  ADD PRIMARY KEY (`id`),
  ADD UNIQUE KEY `personal_access_tokens_token_unique` (`token`),
  ADD KEY `personal_access_tokens_tokenable_type_tokenable_id_index` (`tokenable_type`,`tokenable_id`);

--
-- Indexes for table `states`
--
ALTER TABLE `states`
  ADD PRIMARY KEY (`id`),
  ADD KEY `states_country_id_foreign` (`country_id`);

--
-- Indexes for table `users`
--
ALTER TABLE `users`
  ADD PRIMARY KEY (`id`),
  ADD UNIQUE KEY `users_email_unique` (`email`);

--
-- AUTO_INCREMENT for dumped tables
--

--
-- AUTO_INCREMENT for table `cities`
--
ALTER TABLE `cities`
  MODIFY `id` bigint(20) UNSIGNED NOT NULL AUTO_INCREMENT, AUTO_INCREMENT=702;

--
-- AUTO_INCREMENT for table `countries`
--
ALTER TABLE `countries`
  MODIFY `id` bigint(20) UNSIGNED NOT NULL AUTO_INCREMENT, AUTO_INCREMENT=6;

--
-- AUTO_INCREMENT for table `failed_jobs`
--
ALTER TABLE `failed_jobs`
  MODIFY `id` bigint(20) UNSIGNED NOT NULL AUTO_INCREMENT;

--
-- AUTO_INCREMENT for table `migrations`
--
ALTER TABLE `migrations`
  MODIFY `id` int(10) UNSIGNED NOT NULL AUTO_INCREMENT, AUTO_INCREMENT=8;

--
-- AUTO_INCREMENT for table `personal_access_tokens`
--
ALTER TABLE `personal_access_tokens`
  MODIFY `id` bigint(20) UNSIGNED NOT NULL AUTO_INCREMENT;

--
-- AUTO_INCREMENT for table `states`
--
ALTER TABLE `states`
  MODIFY `id` bigint(20) UNSIGNED NOT NULL AUTO_INCREMENT, AUTO_INCREMENT=248;

--
-- AUTO_INCREMENT for table `users`
--
ALTER TABLE `users`
  MODIFY `id` bigint(20) UNSIGNED NOT NULL AUTO_INCREMENT;

--
-- Constraints for dumped tables
--

--
-- Constraints for table `cities`
--
ALTER TABLE `cities`
  ADD CONSTRAINT `cities_state_id_foreign` FOREIGN KEY (`state_id`) REFERENCES `states` (`id`) ON DELETE CASCADE;

--
-- Constraints for table `states`
--
ALTER TABLE `states`
  ADD CONSTRAINT `states_country_id_foreign` FOREIGN KEY (`country_id`) REFERENCES `countries` (`id`) ON DELETE CASCADE;
COMMIT;

/*!40101 SET CHARACTER_SET_CLIENT=@OLD_CHARACTER_SET_CLIENT */;
/*!40101 SET CHARACTER_SET_RESULTS=@OLD_CHARACTER_SET_RESULTS */;
/*!40101 SET COLLATION_CONNECTION=@OLD_COLLATION_CONNECTION */;
